Freq [GHz],"3.11117,3.65863,2.9958,3.357743.01181","3.2408,3.88729,3.05822,3.357743.13475","3.30562,3.96351,3.12063,3.357743.04255","3.37043,3.73485,3.18304,3.357743.07328","3.17598,3.81107,3.24546,3.357743.10401","3.30562,3.73485,2.9958,3.392013.13475","3.17598,3.65863,3.05822,3.392013.04255","3.37043,3.88729,3.12063,3.392013.10401","3.2408,3.81107,3.18304,3.392013.01181","3.11117,3.96351,3.24546,3.392013.07328","3.37043,3.81107,2.9958,3.426273.04255","3.11117,3.73485,3.05822,3.426273.10401","3.2408,3.65863,3.12063,3.426273.07328","3.17598,3.96351,3.18304,3.426273.13475","3.30562,3.88729,3.24546,3.426273.01181","3.17598,3.88729,2.9958,3.460533.07328","3.37043,3.96351,3.05822,3.460533.01181","3.11117,3.81107,3.12063,3.460533.13475","3.30562,3.65863,3.18304,3.460533.10401","3.2408,3.73485,3.24546,3.460533.04255","3.2408,3.96351,2.9958,3.49483.10401","3.30562,3.81107,3.05822,3.49483.07328","3.17598,3.73485,3.12063,3.49483.01181","3.11117,3.88729,3.18304,3.49483.04255","3.37043,3.65863,3.24546,3.49483.13475","3,4.1,3.5,3.33"
10.51,-0.000188609,-0.001777645,-0.000718965,-0.000752244,-0.000924669,-0.001961247,-0.000386191,-0.00213724,-0.000392047,-0.001037827,-0.001131361,-0.00119951,-0.000937075,-0.004044751,-0.000912656,-0.001748915,-0.001735068,-0.003315602,-0.002490253,-0.001263268,-0.005831862,-0.00312792,-0.000998528,-0.001771181,-0.007441268,-0.000262699
10.52,-0.000227564,-0.00228227,-0.000877752,-0.000917925,-0.00116385,-0.002524223,-0.000468006,-0.00271908,-0.000425149,-0.001308356,-0.001394113,-0.001520429,-0.001153993,-0.00535193,-0.001086743,-0.002223828,-0.002116428,-0.004377665,-0.003206517,-0.001594095,-0.007714666,-0.004044415,-0.001192693,-0.002221245,-0.009919994,-0.000303966
10.53,-0.000276669,-0.002980614,-0.001095335,-0.001151566,-0.001483175,-0.003295116,-0.000580238,-0.003515729,-0.000513047,-0.001662314,-0.001760432,-0.001957725,-0.001462693,-0.007159192,-0.00135616,-0.002869207,-0.002687207,-0.005845016,-0.004182972,-0.002027063,-0.010328417,-0.005268982,-0.001504648,-0.002864264,-0.013350793,-0.000367954
10.54,-0.000338536,-0.003945409,-0.001385985,-0.00146944,-0.001909087,-0.004351869,-0.000729595,-0.004600751,-0.000662746,-0.002128447,-0.002256379,-0.002550759,-0.001887457,-0.009688329,-0.001740915,-0.003742085,-0.003492243,-0.007892167,-0.005512807,-0.002594569,-0.013968527,-0.006916057,-0.001960843,-0.003758794,-0.018147692,-0.000458248
10.55,-0.000416583,-0.005284344,-0.001769473,-0.001894367,-0.00247919,-0.005808854,-0.000925384,-0.006079847,-0.000884092,-0.00274695,-0.002918093,-0.003356009,-0.002462408,-0.013277753,-0.002268581,-0.004923593,-0.004592911,-0.010783323,-0.007330385,-0.003341591,-0.019072376,-0.009147289,-0.002597744,-0.004987588,-0.024927835,-0.000579847
10.56,-0.000515303,-0.007159405,-0.002273257,-0.002458418,-0.003247529,-0.007836277,-0.001180492,-0.008106554,-0.001190841,-0.003574679,-0.003795826,-0.004455367,-0.003235764,-0.018454033,-0.002977245,-0.006530114,-0.006073562,-0.014925582,-0.009831318,-0.004330895,-0.026294532,-0.012192724,-0.003465839,-0.006668484,-0.034622399,-0.000739662
10.57,-0.000640641,-0.009818716,-0.002935623,-0.003206865,-0.004292737,-0.01069154,-0.001512779,-0.010906649,-0.001602162,-0.004693061,-0.004959734,-0.005969043,-0.004276115,-0.0260548,-0.003919715,-0.008730206,-0.008050596,-0.020958726,-0.013303477,-0.005650588,-0.036625187,-0.016382138,-0.00463536,-0.008970618,-0.048653769,-0.000947224
10.58,-0.000800522,-0.013650428,-0.003810274,-0.00420404,-0.005730876,-0.014771101,-0.001947087,-0.01481675,-0.002144777,-0.006220303,-0.006508245,-0.008075986,-0.005681855,-0.037446183,-0.005169547,-0.011770549,-0.010685235,-0.02991075,-0.018175516,-0.007425212,-0.051577863,-0.022191469,-0.006204481,-0.012138807,-0.069221152,-0.00121568
10.59,-0.001005582,-0.019276633,-0.004973111,-0.005542141,-0.007736098,-0.020698433,-0.002518152,-0.020346511,-0.002856031,-0.00833055,-0.008580233,-0.011046829,-0.007595489,-0.054920151,-0.006829763,-0.016016255,-0.014201463,-0.043475029,-0.025093853,-0.009832116,-0.073487821,-0.030311686,-0.008311129,-0.016530429,-0.099763723,-0.001563228
10.6,-0.001270215,-0.027722689,-0.006532368,-0.007354639,-0.010574665,-0.029477428,-0.003274894,-0.02828082,-0.003788347,-0.011284562,-0.011372863,-0.01529819,-0.010225662,-0.082447458,-0.009045525,-0.022014261,-0.018911104,-0.064520013,-0.035046541,-0.013125863,-0.105985177,-0.041750579,-0.011149979,-0.022671566,-0.145712254,-0.002015204
10.61,-0.001614057,-0.040734605,-0.008643979,-0.009837044,-0.014662464,-0.042768576,-0.004286806,-0.039851393,-0.005015735,-0.015479833,-0.015167878,-0.021484295,-0.013881545,-0.127162788,-0.012022681,-0.030594256,-0.02524854,-0.098059181,-0.049565332,-0.017674836,-0.15473556,-0.057981901,-0.014996907,-0.03134275,-0.215698524,-0.002607149
10.62,-0.002064144,-0.061401259,-0.011535203,-0.013279591,-0.020665169,-0.063404155,-0.005653585,-0.057031576,-0.006643407,-0.021534413,-0.020370586,-0.030655641,-0.019027347,-0.202424571,-0.016055068,-0.043031284,-0.033818022,-0.153165851,-0.071059602,-0.024016525,-0.228565011,-0.081160054,-0.020244012,-0.043710009,-0.323452885,-0.003389395
10.63,-0.002658058,-0.095439625,-0.015541503,-0.018119669,-0.029678617,-0.096388475,-0.00751987,-0.083055369,-0.008822131,-0.030430718,-0.027567856,-0.044541713,-0.026370106,-0.334409982,-0.021564874,-0.061310379,-0.04545658,-0.246897901,-0.103374295,-0.032941411,-0.341063264,-0.114419446,-0.027449326,-0.061524167,-0.490617504,-0.004434017
10.64,-0.003448585,-0.154016315,-0.021165087,-0.025027629,-0.043566454,-0.150928629,-0.010098126,-0.123354604,-0.011769887,-0.043769323,-0.037614652,-0.066070917,-0.037003462,-0.576929636,-0.029162495,-0.088560487,-0.0613144,-0.412623259,-0.152728571,-0.045620546,-0.512577896,-0.16226891,-0.037406228,-0.087420009,-0.7504344,-0.005845559
10.65,-0.004510692,-0.260397154,-0.029169454,-0.03505036,-0.065620872,-0.244764218,-0.013704766,-0.187293861,-0.015804893,-0.064231034,-0.051762987,-0.100360305,-0.052647117,-1.04552208,-0.039735339,-0.12976748,-0.082951092,-0.718063723,-0.229293559,-0.063799271,-0.771939633,-0.23105916,-0.051237778,-0.12535338,-1.151294913,-0.00777789
10.66,-0.005952142,-0.466936976,-0.040734939,-0.049857321,-0.101924141,-0.413881758,-0.018818131,-0.291453274,-0.021396565,-0.096447578,-0.071853121,-0.156670635,-0.076052468,-1.994153076,-0.054579199,-0.192937361,-0.112438245,-1.303871955,-0.34980368,-0.090089097,-1.156025449,-0.329421067,-0.070519264,-0.181207649,-1.75696697,-0.010461235
10.67,-0.00792986,-0.902375564,-0.057719634,-0.072173306,-0.164327676,-0.735344895,-0.02617334,-0.465923929,-0.029245025,-0.148704382,-0.100593473,-0.252417863,-0.111700507,-3.969371846,-0.075590845,-0.290947931,-0.152443681,-2.458613503,-0.541694181,-0.128399713,-1.703655866,-0.468417492,-0.097425424,-0.263554118,-2.63772955,-0.01424656
10.68,-0.010675613,-1.913379888,-0.083105796,-0.106561027,-0.277438726,-1.3822913,-0.036920456,-0.766302547,-0.040406484,-0.236403015,-0.141960777,-0.421697132,-0.167017731,-8.110435181,-0.105545473,-0.444330803,-0.206248791,-4.733939275,-0.849020407,-0.184556636,-2.44048793,-0.660926974,-0.134882497,-0.384409797,-3.848138061,-0.019680283
10.69,-0.014536985,-4.500009027,-0.121778625,-0.160877866,-0.496337655,-2.7523319,-0.052893816,-1.295431158,-0.056492952,-0.389372076,-0.201747818,-0.733804408,-0.254507019,-18.08923217,-0.148483675,-0.684939241,-0.277620201,-9.131713363,-1.339039749,-0.267128236,-3.357280871,-0.919609671,-0.186673463,-0.559523287,-5.398146482,-0.027633736
10.7,-0.020044041,-12.02431166,-0.181908781,-0.249065951,-0.955299126,-5.742568917,-0.077080485,-2.237528758,-0.079992837,-0.667756068,-0.288255925,-1.332992265,-0.395453901,-20.08398222,-0.210220811,-1.059353201,-0.370434868,-18.68995936,-2.104618728,-0.388397277,-4.394081695,-1.253033554,-0.257394257,-0.807214191,-7.236681818,-0.039534862
10.71,-0.028020016,-18.53903399,-0.277437259,-0.396628616,-2.01066483,-12.67280348,-0.114452557,-3.896149625,-0.11478777,-1.19663956,-0.413040546,-2.516297715,-0.626154575,-12.03664541,-0.298947894,-1.628271153,-0.48797581,-23.36330657,-3.252520128,-0.565184301,-5.445602316,-1.660571575,-0.352100087,-1.144374658,-9.259711148,-0.057798386
10.72,-0.039769253,-8.53663254,-0.432547304,-0.65152078,-4.667864748,-27.74785532,-0.173475072,-6.719070883,-0.166983993,-2.237118072,-0.591424698,-4.855704256,-1.007470743,-9.3820815,-0.42578524,-2.454794386,-0.631917723,-14.44419917,-4.870147429,-0.818792372,-6.390169311,-2.128335268,-0.475458279,-1.578811582,-11.33375614,-0.086658584
10.73,-0.05740395,-5.692495274,-0.689538098,-1.105498807,-12.25018417,-12.38344639,-0.268878301,-11.42569616,-0.246231813,-4.309572293,-0.842174346,-9.413725398,-1.636479453,-8.301630725,-0.604942638,-3.575972319,-0.801224127,-11.73533344,-6.984407555,-1.172780359,-7.128323573,-2.629260343,-0.630325808,-2.099754502,-13.32143563,-0.133859978
10.74,-0.084426711,-4.496721998,-1.121745116,-1.933028307,-18.80041276,-8.751979316,-0.426772326,-20.40667748,-0.367749378,-8.404314599,-1.185398234,-19.64248637,-2.652536781,-8.01131265,-0.852846091,-4.965778821,-0.991404726,-10.77444085,-9.544644355,-1.64714668,-7.611897334,-3.128837365,-0.815982884,-2.672212276,-15.1081559,-0.214279332
10.75,-0.126796302,-3.975584561,-1.851235179,-3.450379994,-8.72962853,-7.216111535,-0.693890753,-28.66403846,-0.555204349,-17.32503714,-1.637820376,-21.36515538,-4.221368738,-8.261345954,-1.185394749,-6.514617505,-1.194645702,-10.74020728,-12.43595741,-2.248940848,-7.85067099,-3.594477255,-1.026719869,-3.24155978,-16.63244559,-0.358159151
10.76,-0.194926714,-3.81993888,-3.063149517,-6.188111733,-5.837047153,-6.563089978,-1.15313279,-17.95183242,-0.844189042,-22.58670166,-2.205739015,-13.68947778,-6.490210776,-8.992610195,-1.612876827,-8.044568483,-1.401056128,-11.40219261,-15.4894696,-2.962773298,-7.897131739,-4.004148265,-1.251750218,-3.748877605,-17.9109442,-0.631007025
10.77,-0.307516099,-3.920225236,-4.997350915,-11.11057183,-4.603389706,-6.412222967,-1.945128615,-14.86734656,-1.284783001,-13.56317053,-2.878273437,-11.13880925,-9.552745849,-10.25758808,-2.133491961,-9.35615425,-1.600740192,-12.75955008,-18.46616857,-3.747656103,-7.821925236,-4.350752339,-1.47705151,-4.149436595,-19.04393323,-1.184269931
10.78,-0.49895512,-4.250534722,-7.917818528,-22.07576093,-4.049588678,-6.623168426,-3.285032691,-13.69099984,-1.939327401,-10.67588216,-3.625177674,-10.18162953,-13.48631056,-12.22986527,-2.728490691,-10.29069265,-1.785958466,-15.00316203,-21.04581903,-4.544665632,-7.693681769,-4.641590918,-1.688711711,-4.424461741,-20.20425919,-2.38662547
10.79,-0.833449453,-4.835227226,-12.15914278,-22.07147823,-3.859930999,-7.155627704,-5.450102004,-13.48252832,-2.869559514,-9.520633124,-4.40205957,-10.07182024,-18.47484689,-15.32702983,-3.362696818,-10.78435539,-1.952619265,-18.70310818,-22.90736583,-5.293110224,-7.568984931,-4.894714227,-1.876405716,-4.581641963,-21.63757927,-5.153089372
10.8,-1.430116026,-5.745128646,-18.56353158,-14.51561697,-3.917324703,-8.026261543,-8.749374947,-13.94718233,-4.110829673,-9.235367644,-5.161545713,-10.57949322,-25.05190552,-20.82745644,-3.991836329,-10.8813477,-2.100737966,-26.07926402,-23.92702234,-5.947435895,-7.490903824,-5.134648845,-2.035570358,-4.647089172,-23.72760703,-12.0779879
10.81,-2.499695371,-7.1139206,-32.14213341,-11.78987213,-4.185503158,-9.299641537,-13.64030582,-15.00523652,-5.643441105,-9.551429684,-5.865479187,-11.66916397,-34.89378806,-41.65828496,-4.573947683,-10.69701444,-2.234003072,-34.81360799,-24.29521778,-6.487561782,-7.492163764,-5.389315281,-2.167697197,-4.654851738,-27.30585566,-24.36256738
10.82,-4.376970699,-9.18971287,-28.57325952,-10.56414579,-4.672369002,-11.10325666,-21.63981465,-16.70351018,-7.380012154,-10.40976563,-6.493344961,-13.43779495,-44.72385521,-22.82760534,-5.079778012,-10.36290416,-2.358886861,-21.80247727,-24.38745675,-6.920011293,-7.599958141,-5.688901869,-2.279168696,-4.638793887,-35.89788897,-10.81199552
10.83,-7.531615586,-12.50608583,-23.12310271,-10.09310222,-5.42024094,-13.68765314,-43.60478863,-19.23907163,-9.176912982,-11.87961779,-7.044850516,-16.17050806,-41.59552133,-16.68002599,-5.498203394,-9.989712133,-2.483757919,-17.18812823,-24.57781776,-7.272039986,-7.841025498,-6.066783476,-2.379549341,-4.628508942,-35.40444058,-7.374930698
10.84,-12.73776645,-18.75531841,-21.88182365,-10.10145845,-6.509597304,-17.64660269,-24.53321242,-23.15561885,-10.86165317,-14.18644461,-7.537543589,-20.67028503,-47.32355961,-13.46584868,-5.835836658,-9.6562528,-2.618304604,-14.5772512,-25.19154401,-7.58330735,-8.246849415,-6.562473579,-2.480133503,-4.648656053,-25.20449057,-5.907410997
10.85,-23.07193987,-40.12973037,-22.56291254,-10.4699396,-8.07734195,-25.1758133,-21.26407583,-30.51033115,-12.26961183,-17.92336391,-8.002018006,-30.8956611,-41.0639667,-11.44548784,-6.112675666,-9.414144972,-2.773410692,-12.93193574,-26.59572608,-7.899107345,-8.859712251,-7.22705367,-2.593175751,-4.720403527,-20.21842916,-5.254938006
10.86,-26.64743421,-17.69248753,-25.03928267,-11.14655798,-10.36896756,-34.13963534,-20.6179755,-41.88670927,-13.28803429,-25.35991125,-8.47737765,-29.47229682,-33.46794937,-10.09044731,-6.356609847,-9.297453743,-2.96152417,-11.87652653,-29.46814325,-8.267190084,-9.741368653,-8.132716153,-2.731909847,-4.863940469,-16.87129646,-5.052105661
10.87,-18.33029925,-12.40970792,-30.76277741,-12.11391352,-13.91454079,-21.24862409,-21.42279803,-27.50722644,-13.89178491,-33.82408967,-9.008789415,-20.9361783,-29.52397448,-9.163499551,-6.599012475,-9.332017918,-3.197547545,-11.23154179,-35.61968635,-8.738560017,-10.98844796,-9.391085036,-2.911331468,-5.101594631,-14.39373373,-5.165413692
10.88,-15.82194045,-9.532882063,-48.87222095,-13.37606967,-20.44155973,-16.64692504,-23.55276879,-22.89942315,-14.14516843,-20.86751554,-9.648069564,-17.1744678,-27.33483004,-8.536066205,-6.872453652,-9.543229062,-3.500343523,-10.89839905,-35.09504367,-9.372236974,-12.76592668,-11.19442804,-3.149767173,-5.461651343,-12.49034471,-5.558686457
10.89,-15.08068773,-7.705183169,-28.47914602,-14.95480353,-39.79869135,-13.98818037,-27.57254819,-20.36718513,-14.16689708,-16.21979984,-10.4580494,-14.97545462,-26.32637313,-8.130230625,-7.210637006,-9.962911757,-3.895092186,-10.81823775,-26.80118171,-10.24503472,-15.39791572,-13.93215252,-3.471439767,-5.983523268,-11.0160469,-6.253055091
10.9,-15.34584125,-6.463119897,-22.89508992,-16.89303814,-19.26747791,-12.22557147,-36.60258766,-18.80637933,-14.08586584,-13.54822752,-11.5225551,-13.59589862,-26.34604227,-7.894705129,-7.650331202,-10.63689802,-4.416994113,-10.95278742,-21.90385491,-11.4707677,-19.70664901,-18.66631638,-3.910583991,-6.725759317,-9.889222996,-7.320642682
10.91,-16.41886668,-5.586129323,-19.72503304,-19.26823902,-14.1198761,-10.97400113,-37.45269572,-17.82219447,-14.0137833,-11.82114274,-12.96769389,-12.73867304,-27.52912727,-7.792660221,-8.235297609,-11.63618299,-5.117327408,-11.27263384,-18.54461123,-13.24352058,-29.58393234,-32.21470703,-4.518312787,-7.780313216,-9.061801401,-8.902140497
10.92,-18.34919968,-4.950935406,-17.66670983,-22.22792425,-11.29779016,-10.04142665,-28.52764256,-17.21738237,-14.03896328,-10.66221324,-15.01309241,-12.2537626,-30.54102056,-7.794341231,-9.022981697,-13.07821292,-6.074064681,-11.74728612,-16.06112452,-15.96056667,-28.47387087,-22.92418701,-5.374863602,-9.30225681,-8.508920113,-11.26957173
10.93,-21.46854026,-4.481888508,-16.2824312,-26.09373641,-9.49221957,-9.312953731,-24.831259,-16.86659368,-14.23313539,-9.889284601,-18.12762339,-12.05365455,-38.74663422,-7.871773692,-10.09647712,-15.17757808,-7.412598289,-12.33421333,-14.17618057,-20.73202356,-19.5290532,-15.57838568,-6.613706435,-11.58559258,-8.228031701,-15.05448279
10.94,-26.92235878,-4.129415124,-15.36927458,-31.77725069,-8.257153589,-8.710305895,-22.91162879,-16.67009028,-14.66398269,-9.400352616,-23.75067515,-12.07968691,-38.30824415,-7.994503868,-11.58896016,-18.40131687,-9.353450115,-12.9656128,-12.75211879,-35.33006533,-15.55090146,-11.84737071,-8.477041286,-15.32501611,-8.2457662,-22.60491706
10.95,-43.92288252,-3.859121351,-14.81683012,-44.61326257,-7.381168752,-8.174926181,-22.01986786,-16.53200612,-15.41166823,-9.133211775,-49.70492282,-12.28400826,-28.06207046,-8.126226278,-13.74379317,-24.19191459,-12.35314346,-13.5347403,-11.71611489,-24.03022976,-13.20969625,-9.490261539,-11.48118996,-23.25588082,-8.636940686,-30.73209312
10.96,-30.20516208,-3.645725076,-14.55931068,-39.51381652,-6.745282439,-7.660758654,-21.9093084,-16.35067385,-16.59440256,-9.047451006,-23.84777357,-12.61637082,-23.16943858,-8.2229227,-17.10712131,-47.88778777,-17.73421773,-13.89062823,-11.03485859,-16.78423432,-11.77361138,-7.895165434,-17.19954818,-28.05140503,-9.572683323,-17.94717334
10.97,-24.0683272,-3.469495188,-14.5548808,-32.24471035,-6.27465201,-7.131987755,-22.5308388,-16.02018253,-18.42214766,-9.114643024,-17.75358332,-13.0119955,-20.01416156,-8.233848047,-23.52625438,-24.6717155,-38.89669751,-13.8591652,-10.70942555,-12.95544412,-10.98169651,-6.797818758,-47.55033698,-16.62455821,-11.46240722,-13.36102024
10.98,-21.08266041,-3.314164484,-14.77436783,-28.67457262,-5.917825329,-6.563613445,-23.98727749,-15.44481999,-21.35343201,-9.31171627,-14.33879433,-13.38061982,-17.82130453,-8.106934813,-38.89303666,-18.91517099,-19.37187083,-13.30354971,-10.78471673,-10.45738019,-10.75444855,-6.059974735,-16.68266631,-12.08222391,-15.55556392,-10.72649938
10.99,-19.40368904,-3.165833163,-15.19294203,-26.14313455,-5.636376641,-5.943315567,-26.62491243,-14.56301939,-26.8146627,-9.615325927,-12.08386138,-13.60162112,-16.30668196,-7.799125308,-20.83307829,-15.88297081,-13.16310845,-12.19797631,-11.38141443,-8.709059973,-11.1456403,-5.606329306,-11.0170027,-9.405454581,-32.67839518,-9.014514467
11,-18.50434773,-3.012626871,-15.78153285,-23.93469291,-5.399290419,-5.273029884,-31.52008607,-13.36815878,-52.33442803,-9.996147378,-10.51742396,-13.53559966,-15.35677809,-7.289342903,-15.43455284,-14.09257195,-9.904834232,-10.65147217,-12.78840051,-7.457766512,-12.40656423,-5.403566798,-7.980734057,-7.659836118,-15.73625972,-7.844109693
11.01,-18.16835013,-2.844956761,-16.4956607,-21.75978818,-5.179974572,-4.568724588,-43.63605212,-11.91167125,-26.69903162,-10.41277592,-9.432784429,-13.06144556,-14.95446983,-6.588679376,-12.29483648,-13.11860432,-7.865283794,-8.859111008,-15.80265195,-6.568222143,-15.31607802,-5.457178142,-6.094593369,-6.486420958,-8.567977846,-7.028383441
11.02,-18.29585228,-2.656200422,-17.26017858,-19.51297204,-4.955064112,-3.857407886,-34.31051996,-10.28636527,-20.49463354,-10.8060209,-8.727512646,-12.12848799,-15.17971433,-5.742016085,-10.19960284,-12.83912118,-6.509432894,-7.029719661,-24.21801003,-5.961576199,-23.67685523,-5.823911292,-4.856926837,-5.70697259,-4.907125327,-6.461585976
11.03,-18.8424503,-2.443522609,-17.95166353,-17.19015545,-4.704648985,-3.171440845,-28.31331972,-8.601871835,-16.99241985,-11.09627719,-8.356858822,-10.78762988,-16.28397713,-4.819097364,-8.734179521,-13.32248278,-5.593848052,-5.336974018,-22.30752032,-5.594072555,-21.60346589,-6.653438484,-4.026796299,-5.22550311,-2.853235021,-6.078916709
11.04,-19.79197638,-2.208451873,-18.38971914,-14.83881867,-4.413625828,-2.541467197,-25.5908432,-6.964340463,-14.67373436,-11.18894745,-8.322917717,-9.174527937,-19.00028135,-3.898207198,-7.704226195,-14.92005704,-4.98861905,-3.89641885,-12.11439025,-5.450608187,-11.47832271,-8.31512473,-3.470860718,-4.996014238,-1.695091205,-5.838712652
11.05,-21.13491964,-1.956819478,-18.36290072,-12.52531639,-4.07367975,-1.990140244,-24.65901554,-5.463195017,-13.0750671,-10.99291592,-8.685351364,-7.461214323,-26.72255989,-3.048424895,-7.005208121,-18.87252952,-4.622275752,-2.757725458,-7.272280416,-5.547663921,-6.724669895,-11.89931087,-3.11202805,-5.014016546,-1.037288843,-5.713252664
11.06,-22.83272106,-1.697829565,-17.70902085,-10.31776726,-3.68509898,-1.528700132,-25.51159253,-4.162070703,-12.00218666,-10.45037022,-9.604457464,-5.810647524,-25.84366952,-2.31643052,-6.581284716,-37.06765766,-4.46135914,-1.911785177,-4.401199628,-5.94849481,-3.978775877,-24.21238444,-2.907687151,-5.324889103,-0.655729293,-5.683393232
11.07,-24.73634171,-1.442353051,-16.40911189,-8.279336641,-3.257445485,-1.157175765,-29.69101608,-3.092886755,-11.37141493,-9.563884485,-11.47704785,-4.347957866,-15.02854707,-1.721811613,-6.411959756,-17.98411035,-4.504920769,-1.312049362,-2.671063065,-6.805337917,-2.373726361,-14.36866432,-2.840409579,-6.059353992,-0.427838505,-5.735042191
11.08,-26.42142779,-1.200884037,-14.603021,-6.464606537,-2.808298799,-0.867323819,-39.94265716,-2.255658759,-11.168254,-8.402270122,-15.51289308,-3.145172953,-9.679990075,-1.261018084,-6.512408672,-10.57702481,-4.790981058,-0.899536244,-1.641851577,-8.482923626,-1.44380109,-6.873398204,-2.916813104,-7.542728724,-0.28736561,-5.856503045
11.09,-27.0532086,-0.981765973,-12.51056672,-4.914012882,-2.359950073,-0.646522016,-23.14871217,-1.625771187,-11.44950111,-7.080807948,-31.21817774,-2.218747325,-6.254210785,-0.916225738,-6.947794932,-6.462993193,-5.422167557,-0.620172949,-1.031272134,-12.03930293,-0.902356803,-3.568823635,-3.176039791,-10.70550496,-0.198089816,-6.036165588
11.1,-25.83775568,-0.790170866,-10.34359521,-3.646414678,-1.934832921,-0.481100915,-16.10577496,-1.165760988,-12.38920591,-5.72927456,-16.0770805,-1.541785564,-3.992243899,-0.6642614,-7.875488342,-3.940165575,-6.639610701,-0.431785494,-0.664710624,-23.86810109,-0.581002758,-1.941797552,-3.717522401,-20.33424142,-0.139728269,-6.260264013
11.11,-22.9635549,-0.627975209,-8.267008854,-2.654555025,-1.551149086,-0.358458095,-11.42499957,-0.83622788,-14.44266324,-4.462944997,-8.813111295,-1.065292254,-2.531681134,-0.482680754,-9.670193652,-2.405059216,-9.066626055,-0.304310058,-0.439933507,-15.0147957,-0.385123622,-1.111540369,-4.782552346,-15.64500894,-0.100591341,-6.510634164
11.12,-19.34294209,-0.494333634,-6.396296347,-1.908035093,-1.220112603,-0.26802113,-7.993172312,-0.602543217,-19.13370923,-3.363052579,-5.101896364,-0.737372523,-1.612698281,-0.352645508,-13.4221505,-1.487317964,-14.99781612,-0.217339744,-0.29860056,-7.271942469,-0.262236514,-0.669022515,-7.033927,-7.105189707,-0.073740256,-6.762669488
11.13,-15.6844262,-0.386582818,-4.802881748,-1.363014721,-0.945452753,-0.201433616,-5.459810755,-0.437323684,-52.86916788,-2.46846655,-3.001679702,-0.513972977,-1.041508405,-0.259588199,-26.07121334,-0.940122965,-23.81518064,-0.157351328,-0.207429599,-3.831927754,-0.182944488,-0.421264855,-13.07296051,-3.590681534,-0.054938108,-6.984047805
11.14,-12.31470364,-0.301140399,-3.516176252,-0.973233578,-0.724792916,-0.152338445,-3.647129202,-0.320262345,-16.5254603,-1.779365071,-1.803659055,-0.361935697,-0.685558794,-0.192778111,-15.82026733,-0.609770482,-9.346649138,-0.115461265,-0.147158589,-2.108025113,-0.130426163,-0.275784761,-19.37018662,-1.916713869,-0.041528847,-7.135228307
11.15,-9.362514063,-0.234203982,-2.526652178,-0.697646334,-0.551911647,-0.116014814,-2.403730232,-0.236861354,-9.872358341,-1.270065732,-1.115306374,-0.257942754,-0.460878488,-0.144530147,-8.175404975,-0.406022387,-4.681112589,-0.085831023,-0.106399281,-1.215294971,-0.094802461,-0.186628658,-6.803629761,-1.082996273,-0.031806827,-7.172943339
11.16,-6.88424723,-0.182196634,-1.79589803,-0.503570837,-0.418931462,-0.089007594,-1.580468319,-0.176983657,-6.102832447,-0.904090524,-0.711828191,-0.186185526,-0.316450484,-0.109422682,-4.551331903,-0.277184703,-2.494696014,-0.064600477,-0.078256344,-0.734766892,-0.070112967,-0.129914546,-3.028022653,-0.64630493,-0.024652421,-7.05742128
11.17,-4.901432033,-0.141992947,-1.271928708,-0.366693896,-0.317909766,-0.068807825,-1.046418976,-0.133609065,-3.779701721,-0.645352681,-0.468593147,-0.136129529,-0.221706562,-0.083655849,-2.61198703,-0.193622192,-1.406273892,-0.049194323,-0.058453524,-0.464048962,-0.052666417,-0.092655595,-1.494898552,-0.404740477,-0.019315865,-6.762430851
11.18,-3.39741642,-0.11099164,-0.902955294,-0.269655793,-0.241739606,-0.05359952,-0.701936656,-0.101887114,-2.352687488,-0.463681857,-0.317396985,-0.100791685,-0.15826914,-0.06456904,-1.550624426,-0.138093268,-0.837514062,-0.03787595,-0.044277131,-0.30445053,-0.040120142,-0.067485389,-0.80799576,-0.26406355,-0.015285873,-6.284884976
11.19,-2.313672713,-0.087097923,-0.645243795,-0.200342805,-0.184509077,-0.04206831,-0.47856786,-0.078458515,-1.485783944,-0.336128474,-0.22055758,-0.075533643,-0.114948029,-0.050294448,-0.956093768,-0.100351569,-0.5240137,-0.029460819,-0.033967554,-0.20637335,-0.030953346,-0.050063862,-0.470739215,-0.178335551,-0.012207965,-5.649482029
11.2,-1.564157215,-0.068662385,-0.465364566,-0.150393555,-0.141526617,-0.033260809,-0.332002873,-0.060984344,-0.958532242,-0.246162598,-0.156786236,-0.057254737,-0.084811037,-0.039514353,-0.611957467,-0.074162987,-0.342018421,-0.02313149,-0.026360845,-0.143852581,-0.024158085,-0.0377463,-0.291157042,-0.12400943,-0.009832626,-4.905414676
11.21,-1.059262788,-0.05440579,-0.339246412,-0.114054103,-0.109182021,-0.02648292,-0.23435114,-0.047824527,-0.633544898,-0.18223305,-0.113719548,-0.043863728,-0.063481585,-0.031293197,-0.405317856,-0.05564396,-0.23133854,-0.018317327,-0.020672813,-0.102701644,-0.01905353,-0.028872276,-0.188868802,-0.088408227,-0.00798177,-4.115861646
11.22,-0.723223979,-0.043345693,-0.250133114,-0.087356742,-0.084751827,-0.021226947,-0.168194488,-0.037819658,-0.429075079,-0.136387344,-0.083968788,-0.033935699,-0.048143088,-0.02496196,-0.276702647,-0.04231982,-0.161260594,-0.014615513,-0.016366155,-0.074848303,-0.015171773,-0.022371393,-0.12731606,-0.064394113,-0.006526654,-3.344116983
11.23,-0.499781719,-0.034732069,-0.186556046,-0.067551161,-0.066206567,-0.017119557,-0.122611656,-0.030143021,-0.297388062,-0.103178783,-0.062994246,-0.026489195,-0.036948883,-0.020038571,-0.193962203,-0.032579854,-0.115327844,-0.011738637,-0.013067,-0.055526653,-0.012186105,-0.017537202,-0.088572777,-0.047784717,-0.005373107,-2.64112629
11.24,-0.350247004,-0.027994109,-0.140712797,-0.052717239,-0.052044364,-0.013884662,-0.09068282,-0.024199908,-0.210549233,-0.078873216,-0.047933567,-0.020840757,-0.028666661,-0.016172959,-0.139136488,-0.025354879,-0.08431224,-0.009479541,-0.010511493,-0.041828455,-0.009865077,-0.013893556,-0.06326135,-0.036041921,-0.004451486,-2.038165514
11.25,-0.24908501,-0.02269786,-0.107290731,-0.041503332,-0.04115724,-0.011316895,-0.067962718,-0.019558733,-0.151978177,-0.060898219,-0.036938575,-0.016509272,-0.022460357,-0.013108935,-0.101843371,-0.019922217,-0.062823705,-0.007687478,-0.008510996,-0.031926251,-0.008042535,-0.011113423,-0.046199748,-0.027577204,-0.003709766,-1.546100217
11.26,-0.179746891,-0.018513255,-0.082654094,-0.032949544,-0.032728164,-0.009262603,-0.051552081,-0.015903589,-0.111636149,-0.047468954,-0.028789771,-0.013152493,-0.017753923,-0.010657598,-0.07588122,-0.015785222,-0.047598292,-0.006251762,-0.006929035,-0.024641452,-0.006597735,-0.00896833,-0.034388489,-0.021368983,-0.003108714,-1.159900068
11.27,-0.1315516,-0.015188857,-0.064295771,-0.026368009,-0.026153751,-0.007606164,-0.039530441,-0.013001312,-0.083310131,-0.037336476,-0.022666466,-0.010524492,-0.014144741,-0.008678641,-0.057431598,-0.012597348,-0.036595766,-0.005090449,-0.005665804,-0.01919615,-0.005441952,-0.007296183,-0.026021522,-0.016744283,-0.002618482,-0.865320842
11.28,-0.097576042,-0.012532687,-0.050471286,-0.021261351,-0.020987138,-0.006260093,-0.030606178,-0.010678435,-0.063068888,-0.029618738,-0.018006374,-0.008446862,-0.011347665,-0.007067128,-0.044077812,-0.010113385,-0.028504618,-0.004142404,-0.004647588,-0.015066201,-0.004509319,-0.005980349,-0.019973951,-0.013250201,-0.002216174,-0.644880854
11.29,-0.073292389,-0.010397746,-0.039954985,-0.017266755,-0.016896144,-0.005157852,-0.023897823,-0.008804921,-0.048371431,-0.023686857,-0.014417928,-0.006789,-0.009158254,-0.005744063,-0.034251879,-0.008157599,-0.022460659,-0.003361703,-0.003819455,-0.011891865,-0.003750482,-0.004935824,-0.015524317,-0.01057606,-0.001884096,-0.481761757
11.3,-0.055705053,-0.008671128,-0.03187712,-0.014117304,-0.013632757,-0.004248588,-0.018795422,-0.0072826,-0.037542125,-0.019088143,-0.011624375,-0.005454491,-0.007428269,-0.004649617,-0.026913474,-0.006602568,-0.017881804,-0.002713629,-0.003140144,-0.009422122,-0.003128148,-0.00409992,-0.01219794,-0.008505069,-0.001608469,-0.361664731
11.31,-0.042806813,-0.007265829,-0.025614362,-0.011615029,-0.01101094,-0.003493268,-0.014871372,-0.006036865,-0.0294552,-0.01549365,-0.009427456,-0.004371598,-0.006049103,-0.003738227,-0.021358332,-0.005354907,-0.014368213,-0.0021718,-0.002578442,-0.00747919,-0.002613921,-0.003425899,-0.00967542,-0.006883601,-0.001378496,-0.273281428
11.32,-0.033234971,-0.006114585,-0.020715646,-0.009611961,-0.008890452,-0.002861812,-0.011822234,-0.005010665,-0.023341176,-0.01266214,-0.007683388,-0.00348656,-0.004940425,-0.002975025,-0.017100949,-0.004345517,-0.01164037,-0.001716074,-0.002110594,-0.005935465,-0.002186038,-0.002878567,-0.007737537,-0.005601267,-0.001185661,-0.208052617
11.33,-0.026052266,-0.00516523,-0.016851502,-0.007996699,-0.007165055,-0.002330975,-0.009430227,-0.004160136,-0.01866569,-0.010415119,-0.006286723,-0.002758828,-0.004042299,-0.002333212,-0.013801094,-0.003522814,-0.009499762,-0.00133102,-0.001718431,-0.004698255,-0.001827721,-0.00243117,-0.006231158,-0.004577748,-0.001023207,-0.159667712
11.34,-0.020605822,-0.004377188,-0.01377913,-0.006684803,-0.005753877,-0.001882745,-0.007537402,-0.003451385,-0.015052197,-0.008619378,-0.005159344,-0.002157634,-0.003309659,-0.00179212,-0.011216766,-0.002847993,-0.007803385,-0.001004789,-0.001388005,-0.003699504,-0.001525974,-0.002063198,-0.005047615,-0.00375394,-0.000885744,-0.123542189
11.35,-0.016435279,-0.003718818,-0.011318083,-0.005611869,-0.004595065,-0.001503149,-0.006028085,-0.002858111,-0.012231772,-0.007174685,-0.004242847,-0.001659523,-0.002708381,-0.00133577,-0.009173494,-0.00229166,-0.006446887,-0.000728272,-0.001108577,-0.002888766,-0.001270693,-0.0017588,-0.00410871,-0.003085908,-0.000768951,-0.096369108
11.36,-0.013212228,-0.003165393,-0.009333186,-0.004728497,-0.003641101,-0.001181345,-0.004816812,-0.002359832,-0.010009969,-0.006005024,-0.003493213,-0.001246537,-0.002212469,-0.000951788,-0.00754395,-0.00183142,-0.005353238,-0.000494473,-0.000871877,-0.00222834,-0.001054004,-0.001505631,-0.003357461,-0.002540695,-0.000669347,-0.075767875
11.37,-0.010699784,-0.002697562,-0.00772243,-0.003996605,-0.002855336,-0.000908933,-0.003839926,-0.001940562,-0.008244586,-0.00505231,-0.002877025,-0.000904888,-0.001802019,-0.000630593,-0.006234165,-0.001450129,-0.004464974,-0.000298035,-0.000671541,-0.001689844,-0.000869765,-0.001294013,-0.002751878,-0.002093385,-0.000584117,-0.06002234
11.38,-0.008725283,-0.002300167,-0.006408304,-0.003386708,-0.002209396,-0.000679424,-0.003049666,-0.0015878,-0.006830541,-0.00427184,-0.002368759,-0.000623969,-0.001461728,-0.000364776,-0.005174095,-0.001134614,-0.003738827,-0.000134879,-0.000502688,-0.001251791,-0.000713191,-0.001116308,-0.002260718,-0.001725007,-0.000510974,-0.047890795
11.39,-0.00716162,-0.00196134,-0.005331541,-0.002875894,-0.001681254,-0.000487836,-0.002409972,-0.001291769,-0.005689441,-0.003628973,-0.00194882,-0.000395621,-0.001179798,-0.00014863,-0.004311053,-0.000874737,-0.003141949,-1.93E-06,-0.000361602,-0.00089784,-0.000580562,-0.000966452,-0.001860532,-0.001421039,-0.000448055,-0.038470185
11.4,-0.005914344,-0.001671799,-0.004446572,-0.002446314,-0.001253765,-0.000330381,-0.001893466,-0.001044835,-0.004762292,-0.003096688,-0.001602105,-0.000213573,-0.00094712,2.22E-05,-0.003605088,-0.000662683,-0.002649216,0.000103091,-0.000245489,-0.000615521,-0.000469011,-0.000839604,-0.001533592,-0.001170309,-0.000393838,-0.031099752
11.41,-0.00491265,-0.001424309,-0.003718181,-0.002084039,-0.000913566,-0.00020422,-0.001479268,-0.000841056,-0.00400435,-0.002653781,-0.001316946,-7.30E-05,-0.000756665,0.000151064,-0.003025691,-0.000492445,-0.002241296,0.000181839,-0.000152281,-0.000395314,-0.000376343,-0.000731879,-0.001266418,-0.000964201,-0.000347075,-0.025292826
11.42,-0.004103014,-0.00121326,-0.003119042,-0.001778197,-0.000650239,-0.000107273,-0.001151403,-0.000675835,-0.003381441,-0.002283508,-0.001084319,2.96E-05,-0.000603019,0.000240383,-0.00254942,-0.000359419,-0.001903239,0.00023546,-8.05E-05,-0.000229953,-0.000300915,-0.000640147,-0.001048709,-0.000796057,-0.000306745,-0.020688486
11.43,-0.003444652,-0.001034335,-0.002627877,-0.001520309,-0.000455669,-3.81E-05,-0.00089762,-0.000545652,-0.002867302,-0.001972576,-0.000897253,9.72E-05,-0.000482036,0.000291963,-0.002158174,-0.000260104,-0.001623436,0.000264699,-2.91E-05,-0.000113914,-0.00024152,-0.000561872,-0.000872577,-0.000660734,-0.000272006,-0.017017199
11.44,-0.002906255,-0.000884253,-0.002228078,-0.001303788,-0.000323551,4.36E-06,-0.000708521,-0.000447847,-0.002441645,-0.001710376,-0.00075038,0.000131632,-0.000390571,0.000307051,-0.001837921,-0.000191874,-0.001392856,0.000269973,2.45E-06,-4.30E-05,-0.000197316,-0.000494994,-0.000731973,-0.000554274,-0.000242168,-0.014076289
11.45,-0.002463621,-0.000760565,-0.001906665,-0.001123541,-0.000249013,2.06E-05,-0.000576908,-0.000380464,-0.002088728,-0.001488396,-0.000639596,0.000134388,-0.000326271,0.000286456,-0.001577752,-0.000152792,-0.001204465,0.000251433,1.46E-05,-1.42E-05,-0.000167757,-0.000437834,-0.000622263,-0.000473645,-0.000216665,-0.011712317
11.46,-0.002097914,-0.000661495,-0.001653492,-0.000975671,-0.000228319,1.09E-05,-0.000497288,-0.000342109,-0.001796302,-0.001299774,-0.000561795,0.000106444,-0.000287416,0.000230632,-0.001369184,-0.000141481,-0.001052792,0.000209013,7.25E-06,-2.51E-05,-0.00015254,-0.00038902,-0.000539916,-0.000416552,-0.000195034,-0.009808363
11.47,-0.001794381,-0.000585809,-0.001460643,-0.000857237,-0.000258642,-2.48E-05,-0.0004655,-0.000331857,-0.001554812,-0.001138952,-0.000514673,4.84E-05,-0.000272799,0.000139741,-0.001205617,-0.000157005,-0.000933599,0.000142469,-1.96E-05,-7.42E-05,-0.000151568,-0.000347429,-0.000482265,-0.000381285,-0.000176894,-0.008274775
11.48,-0.001541402,-0.000532717,-0.001321966,-0.00076607,-0.000337881,-8.66E-05,-0.000478429,-0.00034916,-0.001356806,-0.001001414,-0.000496567,-3.94E-05,-0.000281622,1.37E-05,-0.001081938,-0.000198796,-0.000843629,5.14E-05,-6.64E-05,-0.000160381,-0.000164916,-0.000312137,-0.000447321,-0.000366604,-0.000161941,-0.007042402
11.49,-0.00132977,-0.000501791,-0.001232707,-0.000700624,-0.000464522,-0.000175142,-0.000533788,-0.000393785,-0.001196478,-0.00088347,-0.000506331,-0.000156967,-0.000313424,-0.000147739,-0.000994207,-0.000266577,-0.000780405,-6.47E-05,-0.000133521,-0.000282999,-0.000192804,-0.00028239,-0.000433637,-0.00037165,-0.000149925,-0.006057611
11.5,-0.001152151,-0.0004929,-0.001189236,-0.000659861,-0.000637529,-0.000290844,-0.000629948,-0.000465763,-0.001069323,-0.000782098,-0.000543242,-0.000304388,-0.000368018,-0.000345037,-0.00093942,-0.000360314,-0.000742082,-0.000206425,-0.000221626,-0.000441752,-0.000235575,-0.000257567,-0.000440199,-0.000395873,-0.000140652,-0.005278592
