Freq [GHz],"3.11117,3.65863,2.9958,3.35774,3.01181","3.2408,3.88729,3.05822,3.35774,3.13475","3.30562,3.96351,3.12063,3.35774,3.04255","3.37043,3.73485,3.18304,3.35774,3.07328","3.17598,3.81107,3.24546,3.35774,3.10401","3.30562,3.73485,2.9958,3.39201,3.13475","3.17598,3.65863,3.05822,3.39201,3.04255","3.37043,3.88729,3.12063,3.39201,3.10401","3.2408,3.81107,3.18304,3.39201,3.01181","3.11117,3.96351,3.24546,3.39201,3.07328","3.37043,3.81107,2.9958,3.42627,3.04255","3.11117,3.73485,3.05822,3.42627,3.10401","3.2408,3.65863,3.12063,3.42627,3.07328","3.17598,3.96351,3.18304,3.42627,3.13475","3.30562,3.88729,3.24546,3.42627,3.01181","3.17598,3.88729,2.9958,3.46053,3.07328","3.37043,3.96351,3.05822,3.46053,3.01181","3.11117,3.81107,3.12063,3.46053,3.13475","3.30562,3.65863,3.18304,3.46053,3.10401","3.2408,3.73485,3.24546,3.46053,3.04255","3.2408,3.96351,2.9958,3.4948,3.10401","3.30562,3.81107,3.05822,3.4948,3.07328","3.17598,3.73485,3.12063,3.4948,3.01181","3.11117,3.88729,3.18304,3.4948,3.04255","3.37043,3.65863,3.24546,3.4948,3.13475","3,4.1,3.5,3.3,3"
10.51,-0.000188609,-0.001777645,-0.000718965,-0.000752244,-0.000924669,-0.001961247,-0.000386191,-0.00213724,-0.000392047,-0.001037827,-0.001131361,-0.00119951,-0.000937075,-0.004044751,-0.000912656,-0.001748915,-0.001735068,-0.003315602,-0.002490253,-0.001263268,-0.005831862,-0.00312792,-0.000998528,-0.001771181,-0.007441268,-0.000262699,,,,,,,,,,,,,,,,,,,,,,,,,,,,,,,,,,,,,,,,,,,,,,,,,
10.52,-0.000227564,-0.00228227,-0.000877752,-0.000917925,-0.00116385,-0.002524223,-0.000468006,-0.00271908,-0.000425149,-0.001308356,-0.001394113,-0.001520429,-0.001153993,-0.00535193,-0.001086743,-0.002223828,-0.002116428,-0.004377665,-0.003206517,-0.001594095,-0.007714666,-0.004044415,-0.001192693,-0.002221245,-0.009919994,-0.000303966,,,,,,,,,,,,,,,,,,,,,,,,,,,,,,,,,,,,,,,,,,,,,,,,,
10.53,-0.000276669,-0.002980614,-0.001095335,-0.001151566,-0.001483175,-0.003295116,-0.000580238,-0.003515729,-0.000513047,-0.001662314,-0.001760432,-0.001957725,-0.001462693,-0.007159192,-0.00135616,-0.002869207,-0.002687207,-0.005845016,-0.004182972,-0.002027063,-0.010328417,-0.005268982,-0.001504648,-0.002864264,-0.013350793,-0.000367954,,,,,,,,,,,,,,,,,,,,,,,,,,,,,,,,,,,,,,,,,,,,,,,,,
10.54,-0.000338536,-0.003945409,-0.001385985,-0.00146944,-0.001909087,-0.004351869,-0.000729595,-0.004600751,-0.000662746,-0.002128447,-0.002256379,-0.002550759,-0.001887457,-0.009688329,-0.001740915,-0.003742085,-0.003492243,-0.007892167,-0.005512807,-0.002594569,-0.013968527,-0.006916057,-0.001960843,-0.003758794,-0.018147692,-0.000458248,,,,,,,,,,,,,,,,,,,,,,,,,,,,,,,,,,,,,,,,,,,,,,,,,
10.55,-0.000416583,-0.005284344,-0.001769473,-0.001894367,-0.00247919,-0.005808854,-0.000925384,-0.006079847,-0.000884092,-0.00274695,-0.002918093,-0.003356009,-0.002462408,-0.013277753,-0.002268581,-0.004923593,-0.004592911,-0.010783323,-0.007330385,-0.003341591,-0.019072376,-0.009147289,-0.002597744,-0.004987588,-0.024927835,-0.000579847,,,,,,,,,,,,,,,,,,,,,,,,,,,,,,,,,,,,,,,,,,,,,,,,,
10.56,-0.000515303,-0.007159405,-0.002273257,-0.002458418,-0.003247529,-0.007836277,-0.001180492,-0.008106554,-0.001190841,-0.003574679,-0.003795826,-0.004455367,-0.003235764,-0.018454033,-0.002977245,-0.006530114,-0.006073562,-0.014925582,-0.009831318,-0.004330895,-0.026294532,-0.012192724,-0.003465839,-0.006668484,-0.034622399,-0.000739662,,,,,,,,,,,,,,,,,,,,,,,,,,,,,,,,,,,,,,,,,,,,,,,,,
10.57,-0.000640641,-0.009818716,-0.002935623,-0.003206865,-0.004292737,-0.01069154,-0.001512779,-0.010906649,-0.001602162,-0.004693061,-0.004959734,-0.005969043,-0.004276115,-0.0260548,-0.003919715,-0.008730206,-0.008050596,-0.020958726,-0.013303477,-0.005650588,-0.036625187,-0.016382138,-0.00463536,-0.008970618,-0.048653769,-0.000947224,,,,,,,,,,,,,,,,,,,,,,,,,,,,,,,,,,,,,,,,,,,,,,,,,
10.58,-0.000800522,-0.013650428,-0.003810274,-0.00420404,-0.005730876,-0.014771101,-0.001947087,-0.01481675,-0.002144777,-0.006220303,-0.006508245,-0.008075986,-0.005681855,-0.037446183,-0.005169547,-0.011770549,-0.010685235,-0.02991075,-0.018175516,-0.007425212,-0.051577863,-0.022191469,-0.006204481,-0.012138807,-0.069221152,-0.00121568,,,,,,,,,,,,,,,,,,,,,,,,,,,,,,,,,,,,,,,,,,,,,,,,,
10.59,-0.001005582,-0.019276633,-0.004973111,-0.005542141,-0.007736098,-0.020698433,-0.002518152,-0.020346511,-0.002856031,-0.00833055,-0.008580233,-0.011046829,-0.007595489,-0.054920151,-0.006829763,-0.016016255,-0.014201463,-0.043475029,-0.025093853,-0.009832116,-0.073487821,-0.030311686,-0.008311129,-0.016530429,-0.099763723,-0.001563228,,,,,,,,,,,,,,,,,,,,,,,,,,,,,,,,,,,,,,,,,,,,,,,,,
10.6,-0.001270215,-0.027722689,-0.006532368,-0.007354639,-0.010574665,-0.029477428,-0.003274894,-0.02828082,-0.003788347,-0.011284562,-0.011372863,-0.01529819,-0.010225662,-0.082447458,-0.009045525,-0.022014261,-0.018911104,-0.064520013,-0.035046541,-0.013125863,-0.105985177,-0.041750579,-0.011149979,-0.022671566,-0.145712254,-0.002015204,,,,,,,,,,,,,,,,,,,,,,,,,,,,,,,,,,,,,,,,,,,,,,,,,
10.61,-0.001614057,-0.040734605,-0.008643979,-0.009837044,-0.014662464,-0.042768576,-0.004286806,-0.039851393,-0.005015735,-0.015479833,-0.015167878,-0.021484295,-0.013881545,-0.127162788,-0.012022681,-0.030594256,-0.02524854,-0.098059181,-0.049565332,-0.017674836,-0.15473556,-0.057981901,-0.014996907,-0.03134275,-0.215698524,-0.002607149,,,,,,,,,,,,,,,,,,,,,,,,,,,,,,,,,,,,,,,,,,,,,,,,,
10.62,-0.002064144,-0.061401259,-0.011535203,-0.013279591,-0.020665169,-0.063404155,-0.005653585,-0.057031576,-0.006643407,-0.021534413,-0.020370586,-0.030655641,-0.019027347,-0.202424571,-0.016055068,-0.043031284,-0.033818022,-0.153165851,-0.071059602,-0.024016525,-0.228565011,-0.081160054,-0.020244012,-0.043710009,-0.323452885,-0.003389395,,,,,,,,,,,,,,,,,,,,,,,,,,,,,,,,,,,,,,,,,,,,,,,,,
10.63,-0.002658058,-0.095439625,-0.015541503,-0.018119669,-0.029678617,-0.096388475,-0.00751987,-0.083055369,-0.008822131,-0.030430718,-0.027567856,-0.044541713,-0.026370106,-0.334409982,-0.021564874,-0.061310379,-0.04545658,-0.246897901,-0.103374295,-0.032941411,-0.341063264,-0.114419446,-0.027449326,-0.061524167,-0.490617504,-0.004434017,,,,,,,,,,,,,,,,,,,,,,,,,,,,,,,,,,,,,,,,,,,,,,,,,
10.64,-0.003448585,-0.154016315,-0.021165087,-0.025027629,-0.043566454,-0.150928629,-0.010098126,-0.123354604,-0.011769887,-0.043769323,-0.037614652,-0.066070917,-0.037003462,-0.576929636,-0.029162495,-0.088560487,-0.0613144,-0.412623259,-0.152728571,-0.045620546,-0.512577896,-0.16226891,-0.037406228,-0.087420009,-0.7504344,-0.005845559,,,,,,,,,,,,,,,,,,,,,,,,,,,,,,,,,,,,,,,,,,,,,,,,,
10.65,-0.004510692,-0.260397154,-0.029169454,-0.03505036,-0.065620872,-0.244764218,-0.013704766,-0.187293861,-0.015804893,-0.064231034,-0.051762987,-0.100360305,-0.052647117,-1.04552208,-0.039735339,-0.12976748,-0.082951092,-0.718063723,-0.229293559,-0.063799271,-0.771939633,-0.23105916,-0.051237778,-0.12535338,-1.151294913,-0.00777789,,,,,,,,,,,,,,,,,,,,,,,,,,,,,,,,,,,,,,,,,,,,,,,,,
10.66,-0.005952142,-0.466936976,-0.040734939,-0.049857321,-0.101924141,-0.413881758,-0.018818131,-0.291453274,-0.021396565,-0.096447578,-0.071853121,-0.156670635,-0.076052468,-1.994153076,-0.054579199,-0.192937361,-0.112438245,-1.303871955,-0.34980368,-0.090089097,-1.156025449,-0.329421067,-0.070519264,-0.181207649,-1.75696697,-0.010461235,,,,,,,,,,,,,,,,,,,,,,,,,,,,,,,,,,,,,,,,,,,,,,,,,
10.67,-0.00792986,-0.902375564,-0.057719634,-0.072173306,-0.164327676,-0.735344895,-0.02617334,-0.465923929,-0.029245025,-0.148704382,-0.100593473,-0.252417863,-0.111700507,-3.969371846,-0.075590845,-0.290947931,-0.152443681,-2.458613503,-0.541694181,-0.128399713,-1.703655866,-0.468417492,-0.097425424,-0.263554118,-2.63772955,-0.01424656,,,,,,,,,,,,,,,,,,,,,,,,,,,,,,,,,,,,,,,,,,,,,,,,,
10.68,-0.010675613,-1.913379888,-0.083105796,-0.106561027,-0.277438726,-1.3822913,-0.036920456,-0.766302547,-0.040406484,-0.236403015,-0.141960777,-0.421697132,-0.167017731,-8.110435181,-0.105545473,-0.444330803,-0.206248791,-4.733939275,-0.849020407,-0.184556636,-2.44048793,-0.660926974,-0.134882497,-0.384409797,-3.848138061,-0.019680283,,,,,,,,,,,,,,,,,,,,,,,,,,,,,,,,,,,,,,,,,,,,,,,,,
10.69,-0.014536985,-4.500009027,-0.121778625,-0.160877866,-0.496337655,-2.7523319,-0.052893816,-1.295431158,-0.056492952,-0.389372076,-0.201747818,-0.733804408,-0.254507019,-18.08923217,-0.148483675,-0.684939241,-0.277620201,-9.131713363,-1.339039749,-0.267128236,-3.357280871,-0.919609671,-0.186673463,-0.559523287,-5.398146482,-0.027633736,,,,,,,,,,,,,,,,,,,,,,,,,,,,,,,,,,,,,,,,,,,,,,,,,
10.7,-0.020044041,-12.02431166,-0.181908781,-0.249065951,-0.955299126,-5.742568917,-0.077080485,-2.237528758,-0.079992837,-0.667756068,-0.288255925,-1.332992265,-0.395453901,-20.08398222,-0.210220811,-1.059353201,-0.370434868,-18.68995936,-2.104618728,-0.388397277,-4.394081695,-1.253033554,-0.257394257,-0.807214191,-7.236681818,-0.039534862,,,,,,,,,,,,,,,,,,,,,,,,,,,,,,,,,,,,,,,,,,,,,,,,,
10.71,-0.028020016,-18.53903399,-0.277437259,-0.396628616,-2.01066483,-12.67280348,-0.114452557,-3.896149625,-0.11478777,-1.19663956,-0.413040546,-2.516297715,-0.626154575,-12.03664541,-0.298947894,-1.628271153,-0.48797581,-23.36330657,-3.252520128,-0.565184301,-5.445602316,-1.660571575,-0.352100087,-1.144374658,-9.259711148,-0.057798386,,,,,,,,,,,,,,,,,,,,,,,,,,,,,,,,,,,,,,,,,,,,,,,,,
10.72,-0.039769253,-8.53663254,-0.432547304,-0.65152078,-4.667864748,-27.74785532,-0.173475072,-6.719070883,-0.166983993,-2.237118072,-0.591424698,-4.855704256,-1.007470743,-9.3820815,-0.42578524,-2.454794386,-0.631917723,-14.44419917,-4.870147429,-0.818792372,-6.390169311,-2.128335268,-0.475458279,-1.578811582,-11.33375614,-0.086658584,,,,,,,,,,,,,,,,,,,,,,,,,,,,,,,,,,,,,,,,,,,,,,,,,
10.73,-0.05740395,-5.692495274,-0.689538098,-1.105498807,-12.25018417,-12.38344639,-0.268878301,-11.42569616,-0.246231813,-4.309572293,-0.842174346,-9.413725398,-1.636479453,-8.301630725,-0.604942638,-3.575972319,-0.801224127,-11.73533344,-6.984407555,-1.172780359,-7.128323573,-2.629260343,-0.630325808,-2.099754502,-13.32143563,-0.133859978,,,,,,,,,,,,,,,,,,,,,,,,,,,,,,,,,,,,,,,,,,,,,,,,,
10.74,-0.084426711,-4.496721998,-1.121745116,-1.933028307,-18.80041276,-8.751979316,-0.426772326,-20.40667748,-0.367749378,-8.404314599,-1.185398234,-19.64248637,-2.652536781,-8.01131265,-0.852846091,-4.965778821,-0.991404726,-10.77444085,-9.544644355,-1.64714668,-7.611897334,-3.128837365,-0.815982884,-2.672212276,-15.1081559,-0.214279332,,,,,,,,,,,,,,,,,,,,,,,,,,,,,,,,,,,,,,,,,,,,,,,,,
10.75,-0.126796302,-3.975584561,-1.851235179,-3.450379994,-8.72962853,-7.216111535,-0.693890753,-28.66403846,-0.555204349,-17.32503714,-1.637820376,-21.36515538,-4.221368738,-8.261345954,-1.185394749,-6.514617505,-1.194645702,-10.74020728,-12.43595741,-2.248940848,-7.85067099,-3.594477255,-1.026719869,-3.24155978,-16.63244559,-0.358159151,,,,,,,,,,,,,,,,,,,,,,,,,,,,,,,,,,,,,,,,,,,,,,,,,
10.76,-0.194926714,-3.81993888,-3.063149517,-6.188111733,-5.837047153,-6.563089978,-1.15313279,-17.95183242,-0.844189042,-22.58670166,-2.205739015,-13.68947778,-6.490210776,-8.992610195,-1.612876827,-8.044568483,-1.401056128,-11.40219261,-15.4894696,-2.962773298,-7.897131739,-4.004148265,-1.251750218,-3.748877605,-17.9109442,-0.631007025,,,,,,,,,,,,,,,,,,,,,,,,,,,,,,,,,,,,,,,,,,,,,,,,,
10.77,-0.307516099,-3.920225236,-4.997350915,-11.11057183,-4.603389706,-6.412222967,-1.945128615,-14.86734656,-1.284783001,-13.56317053,-2.878273437,-11.13880925,-9.552745849,-10.25758808,-2.133491961,-9.35615425,-1.600740192,-12.75955008,-18.46616857,-3.747656103,-7.821925236,-4.350752339,-1.47705151,-4.149436595,-19.04393323,-1.184269931,,,,,,,,,,,,,,,,,,,,,,,,,,,,,,,,,,,,,,,,,,,,,,,,,
10.78,-0.49895512,-4.250534722,-7.917818528,-22.07576093,-4.049588678,-6.623168426,-3.285032691,-13.69099984,-1.939327401,-10.67588216,-3.625177674,-10.18162953,-13.48631056,-12.22986527,-2.728490691,-10.29069265,-1.785958466,-15.00316203,-21.04581903,-4.544665632,-7.693681769,-4.641590918,-1.688711711,-4.424461741,-20.20425919,-2.38662547,,,,,,,,,,,,,,,,,,,,,,,,,,,,,,,,,,,,,,,,,,,,,,,,,
10.79,-0.833449453,-4.835227226,-12.15914278,-22.07147823,-3.859930999,-7.155627704,-5.450102004,-13.48252832,-2.869559514,-9.520633124,-4.40205957,-10.07182024,-18.47484689,-15.32702983,-3.362696818,-10.78435539,-1.952619265,-18.70310818,-22.90736583,-5.293110224,-7.568984931,-4.894714227,-1.876405716,-4.581641963,-21.63757927,-5.153089372,,,,,,,,,,,,,,,,,,,,,,,,,,,,,,,,,,,,,,,,,,,,,,,,,
10.8,-1.430116026,-5.745128646,-18.56353158,-14.51561697,-3.917324703,-8.026261543,-8.749374947,-13.94718233,-4.110829673,-9.235367644,-5.161545713,-10.57949322,-25.05190552,-20.82745644,-3.991836329,-10.8813477,-2.100737966,-26.07926402,-23.92702234,-5.947435895,-7.490903824,-5.134648845,-2.035570358,-4.647089172,-23.72760703,-12.0779879,,,,,,,,,,,,,,,,,,,,,,,,,,,,,,,,,,,,,,,,,,,,,,,,,
10.81,-2.499695371,-7.1139206,-32.14213341,-11.78987213,-4.185503158,-9.299641537,-13.64030582,-15.00523652,-5.643441105,-9.551429684,-5.865479187,-11.66916397,-34.89378806,-41.65828496,-4.573947683,-10.69701444,-2.234003072,-34.81360799,-24.29521778,-6.487561782,-7.492163764,-5.389315281,-2.167697197,-4.654851738,-27.30585566,-24.36256738,,,,,,,,,,,,,,,,,,,,,,,,,,,,,,,,,,,,,,,,,,,,,,,,,
10.82,-4.376970699,-9.18971287,-28.57325952,-10.56414579,-4.672369002,-11.10325666,-21.63981465,-16.70351018,-7.380012154,-10.40976563,-6.493344961,-13.43779495,-44.72385521,-22.82760534,-5.079778012,-10.36290416,-2.358886861,-21.80247727,-24.38745675,-6.920011293,-7.599958141,-5.688901869,-2.279168696,-4.638793887,-35.89788897,-10.81199552,,,,,,,,,,,,,,,,,,,,,,,,,,,,,,,,,,,,,,,,,,,,,,,,,
10.83,-7.531615586,-12.50608583,-23.12310271,-10.09310222,-5.42024094,-13.68765314,-43.60478863,-19.23907163,-9.176912982,-11.87961779,-7.044850516,-16.17050806,-41.59552133,-16.68002599,-5.498203394,-9.989712133,-2.483757919,-17.18812823,-24.57781776,-7.272039986,-7.841025498,-6.066783476,-2.379549341,-4.628508942,-35.40444058,-7.374930698,,,,,,,,,,,,,,,,,,,,,,,,,,,,,,,,,,,,,,,,,,,,,,,,,
10.84,-12.73776645,-18.75531841,-21.88182365,-10.10145845,-6.509597304,-17.64660269,-24.53321242,-23.15561885,-10.86165317,-14.18644461,-7.537543589,-20.67028503,-47.32355961,-13.46584868,-5.835836658,-9.6562528,-2.618304604,-14.5772512,-25.19154401,-7.58330735,-8.246849415,-6.562473579,-2.480133503,-4.648656053,-25.20449057,-5.907410997,,,,,,,,,,,,,,,,,,,,,,,,,,,,,,,,,,,,,,,,,,,,,,,,,
10.85,-23.07193987,-40.12973037,-22.56291254,-10.4699396,-8.07734195,-25.1758133,-21.26407583,-30.51033115,-12.26961183,-17.92336391,-8.002018006,-30.8956611,-41.0639667,-11.44548784,-6.112675666,-9.414144972,-2.773410692,-12.93193574,-26.59572608,-7.899107345,-8.859712251,-7.22705367,-2.593175751,-4.720403527,-20.21842916,-5.254938006,,,,,,,,,,,,,,,,,,,,,,,,,,,,,,,,,,,,,,,,,,,,,,,,,
10.86,-26.64743421,-17.69248753,-25.03928267,-11.14655798,-10.36896756,-34.13963534,-20.6179755,-41.88670927,-13.28803429,-25.35991125,-8.47737765,-29.47229682,-33.46794937,-10.09044731,-6.356609847,-9.297453743,-2.96152417,-11.87652653,-29.46814325,-8.267190084,-9.741368653,-8.132716153,-2.731909847,-4.863940469,-16.87129646,-5.052105661,,,,,,,,,,,,,,,,,,,,,,,,,,,,,,,,,,,,,,,,,,,,,,,,,
10.87,-18.33029925,-12.40970792,-30.76277741,-12.11391352,-13.91454079,-21.24862409,-21.42279803,-27.50722644,-13.89178491,-33.82408967,-9.008789415,-20.9361783,-29.52397448,-9.163499551,-6.599012475,-9.332017918,-3.197547545,-11.23154179,-35.61968635,-8.738560017,-10.98844796,-9.391085036,-2.911331468,-5.101594631,-14.39373373,-5.165413692,,,,,,,,,,,,,,,,,,,,,,,,,,,,,,,,,,,,,,,,,,,,,,,,,
10.88,-15.82194045,-9.532882063,-48.87222095,-13.37606967,-20.44155973,-16.64692504,-23.55276879,-22.89942315,-14.14516843,-20.86751554,-9.648069564,-17.1744678,-27.33483004,-8.536066205,-6.872453652,-9.543229062,-3.500343523,-10.89839905,-35.09504367,-9.372236974,-12.76592668,-11.19442804,-3.149767173,-5.461651343,-12.49034471,-5.558686457,,,,,,,,,,,,,,,,,,,,,,,,,,,,,,,,,,,,,,,,,,,,,,,,,
10.89,-15.08068773,-7.705183169,-28.47914602,-14.95480353,-39.79869135,-13.98818037,-27.57254819,-20.36718513,-14.16689708,-16.21979984,-10.4580494,-14.97545462,-26.32637313,-8.130230625,-7.210637006,-9.962911757,-3.895092186,-10.81823775,-26.80118171,-10.24503472,-15.39791572,-13.93215252,-3.471439767,-5.983523268,-11.0160469,-6.253055091,,,,,,,,,,,,,,,,,,,,,,,,,,,,,,,,,,,,,,,,,,,,,,,,,
10.9,-15.34584125,-6.463119897,-22.89508992,-16.89303814,-19.26747791,-12.22557147,-36.60258766,-18.80637933,-14.08586584,-13.54822752,-11.5225551,-13.59589862,-26.34604227,-7.894705129,-7.650331202,-10.63689802,-4.416994113,-10.95278742,-21.90385491,-11.4707677,-19.70664901,-18.66631638,-3.910583991,-6.725759317,-9.889222996,-7.320642682,,,,,,,,,,,,,,,,,,,,,,,,,,,,,,,,,,,,,,,,,,,,,,,,,
10.91,-16.41886668,-5.586129323,-19.72503304,-19.26823902,-14.1198761,-10.97400113,-37.45269572,-17.82219447,-14.0137833,-11.82114274,-12.96769389,-12.73867304,-27.52912727,-7.792660221,-8.235297609,-11.63618299,-5.117327408,-11.27263384,-18.54461123,-13.24352058,-29.58393234,-32.21470703,-4.518312787,-7.780313216,-9.061801401,-8.902140497,,,,,,,,,,,,,,,,,,,,,,,,,,,,,,,,,,,,,,,,,,,,,,,,,
10.92,-18.34919968,-4.950935406,-17.66670983,-22.22792425,-11.29779016,-10.04142665,-28.52764256,-17.21738237,-14.03896328,-10.66221324,-15.01309241,-12.2537626,-30.54102056,-7.794341231,-9.022981697,-13.07821292,-6.074064681,-11.74728612,-16.06112452,-15.96056667,-28.47387087,-22.92418701,-5.374863602,-9.30225681,-8.508920113,-11.26957173,,,,,,,,,,,,,,,,,,,,,,,,,,,,,,,,,,,,,,,,,,,,,,,,,
10.93,-21.46854026,-4.481888508,-16.2824312,-26.09373641,-9.49221957,-9.312953731,-24.831259,-16.86659368,-14.23313539,-9.889284601,-18.12762339,-12.05365455,-38.74663422,-7.871773692,-10.09647712,-15.17757808,-7.412598289,-12.33421333,-14.17618057,-20.73202356,-19.5290532,-15.57838568,-6.613706435,-11.58559258,-8.228031701,-15.05448279,,,,,,,,,,,,,,,,,,,,,,,,,,,,,,,,,,,,,,,,,,,,,,,,,
10.94,-26.92235878,-4.129415124,-15.36927458,-31.77725069,-8.257153589,-8.710305895,-22.91162879,-16.67009028,-14.66398269,-9.400352616,-23.75067515,-12.07968691,-38.30824415,-7.994503868,-11.58896016,-18.40131687,-9.353450115,-12.9656128,-12.75211879,-35.33006533,-15.55090146,-11.84737071,-8.477041286,-15.32501611,-8.2457662,-22.60491706,,,,,,,,,,,,,,,,,,,,,,,,,,,,,,,,,,,,,,,,,,,,,,,,,
10.95,-43.92288252,-3.859121351,-14.81683012,-44.61326257,-7.381168752,-8.174926181,-22.01986786,-16.53200612,-15.41166823,-9.133211775,-49.70492282,-12.28400826,-28.06207046,-8.126226278,-13.74379317,-24.19191459,-12.35314346,-13.5347403,-11.71611489,-24.03022976,-13.20969625,-9.490261539,-11.48118996,-23.25588082,-8.636940686,-30.73209312,,,,,,,,,,,,,,,,,,,,,,,,,,,,,,,,,,,,,,,,,,,,,,,,,
10.96,-30.20516208,-3.645725076,-14.55931068,-39.51381652,-6.745282439,-7.660758654,-21.9093084,-16.35067385,-16.59440256,-9.047451006,-23.84777357,-12.61637082,-23.16943858,-8.2229227,-17.10712131,-47.88778777,-17.73421773,-13.89062823,-11.03485859,-16.78423432,-11.77361138,-7.895165434,-17.19954818,-28.05140503,-9.572683323,-17.94717334,,,,,,,,,,,,,,,,,,,,,,,,,,,,,,,,,,,,,,,,,,,,,,,,,
10.97,-24.0683272,-3.469495188,-14.5548808,-32.24471035,-6.27465201,-7.131987755,-22.5308388,-16.02018253,-18.42214766,-9.114643024,-17.75358332,-13.0119955,-20.01416156,-8.233848047,-23.52625438,-24.6717155,-38.89669751,-13.8591652,-10.70942555,-12.95544412,-10.98169651,-6.797818758,-47.55033698,-16.62455821,-11.46240722,-13.36102024,,,,,,,,,,,,,,,,,,,,,,,,,,,,,,,,,,,,,,,,,,,,,,,,,
10.98,-21.08266041,-3.314164484,-14.77436783,-28.67457262,-5.917825329,-6.563613445,-23.98727749,-15.44481999,-21.35343201,-9.31171627,-14.33879433,-13.38061982,-17.82130453,-8.106934813,-38.89303666,-18.91517099,-19.37187083,-13.30354971,-10.78471673,-10.45738019,-10.75444855,-6.059974735,-16.68266631,-12.08222391,-15.55556392,-10.72649938,,,,,,,,,,,,,,,,,,,,,,,,,,,,,,,,,,,,,,,,,,,,,,,,,
10.99,-19.40368904,-3.165833163,-15.19294203,-26.14313455,-5.636376641,-5.943315567,-26.62491243,-14.56301939,-26.8146627,-9.615325927,-12.08386138,-13.60162112,-16.30668196,-7.799125308,-20.83307829,-15.88297081,-13.16310845,-12.19797631,-11.38141443,-8.709059973,-11.1456403,-5.606329306,-11.0170027,-9.405454581,-32.67839518,-9.014514467,,,,,,,,,,,,,,,,,,,,,,,,,,,,,,,,,,,,,,,,,,,,,,,,,
11,-18.50434773,-3.012626871,-15.78153285,-23.93469291,-5.399290419,-5.273029884,-31.52008607,-13.36815878,-52.33442803,-9.996147378,-10.51742396,-13.53559966,-15.35677809,-7.289342903,-15.43455284,-14.09257195,-9.904834232,-10.65147217,-12.78840051,-7.457766512,-12.40656423,-5.403566798,-7.980734057,-7.659836118,-15.73625972,-7.844109693,,,,,,,,,,,,,,,,,,,,,,,,,,,,,,,,,,,,,,,,,,,,,,,,,
11.01,-18.16835013,-2.844956761,-16.4956607,-21.75978818,-5.179974572,-4.568724588,-43.63605212,-11.91167125,-26.69903162,-10.41277592,-9.432784429,-13.06144556,-14.95446983,-6.588679376,-12.29483648,-13.11860432,-7.865283794,-8.859111008,-15.80265195,-6.568222143,-15.31607802,-5.457178142,-6.094593369,-6.486420958,-8.567977846,-7.028383441,,,,,,,,,,,,,,,,,,,,,,,,,,,,,,,,,,,,,,,,,,,,,,,,,
11.02,-18.29585228,-2.656200422,-17.26017858,-19.51297204,-4.955064112,-3.857407886,-34.31051996,-10.28636527,-20.49463354,-10.8060209,-8.727512646,-12.12848799,-15.17971433,-5.742016085,-10.19960284,-12.83912118,-6.509432894,-7.029719661,-24.21801003,-5.961576199,-23.67685523,-5.823911292,-4.856926837,-5.70697259,-4.907125327,-6.461585976,,,,,,,,,,,,,,,,,,,,,,,,,,,,,,,,,,,,,,,,,,,,,,,,,
11.03,-18.8424503,-2.443522609,-17.95166353,-17.19015545,-4.704648985,-3.171440845,-28.31331972,-8.601871835,-16.99241985,-11.09627719,-8.356858822,-10.78762988,-16.28397713,-4.819097364,-8.734179521,-13.32248278,-5.593848052,-5.336974018,-22.30752032,-5.594072555,-21.60346589,-6.653438484,-4.026796299,-5.22550311,-2.853235021,-6.078916709,,,,,,,,,,,,,,,,,,,,,,,,,,,,,,,,,,,,,,,,,,,,,,,,,
11.04,-19.79197638,-2.208451873,-18.38971914,-14.83881867,-4.413625828,-2.541467197,-25.5908432,-6.964340463,-14.67373436,-11.18894745,-8.322917717,-9.174527937,-19.00028135,-3.898207198,-7.704226195,-14.92005704,-4.98861905,-3.89641885,-12.11439025,-5.450608187,-11.47832271,-8.31512473,-3.470860718,-4.996014238,-1.695091205,-5.838712652,,,,,,,,,,,,,,,,,,,,,,,,,,,,,,,,,,,,,,,,,,,,,,,,,
11.05,-21.13491964,-1.956819478,-18.36290072,-12.52531639,-4.07367975,-1.990140244,-24.65901554,-5.463195017,-13.0750671,-10.99291592,-8.685351364,-7.461214323,-26.72255989,-3.048424895,-7.005208121,-18.87252952,-4.622275752,-2.757725458,-7.272280416,-5.547663921,-6.724669895,-11.89931087,-3.11202805,-5.014016546,-1.037288843,-5.713252664,,,,,,,,,,,,,,,,,,,,,,,,,,,,,,,,,,,,,,,,,,,,,,,,,
11.06,-22.83272106,-1.697829565,-17.70902085,-10.31776726,-3.68509898,-1.528700132,-25.51159253,-4.162070703,-12.00218666,-10.45037022,-9.604457464,-5.810647524,-25.84366952,-2.31643052,-6.581284716,-37.06765766,-4.46135914,-1.911785177,-4.401199628,-5.94849481,-3.978775877,-24.21238444,-2.907687151,-5.324889103,-0.655729293,-5.683393232,,,,,,,,,,,,,,,,,,,,,,,,,,,,,,,,,,,,,,,,,,,,,,,,,
11.07,-24.73634171,-1.442353051,-16.40911189,-8.279336641,-3.257445485,-1.157175765,-29.69101608,-3.092886755,-11.37141493,-9.563884485,-11.47704785,-4.347957866,-15.02854707,-1.721811613,-6.411959756,-17.98411035,-4.504920769,-1.312049362,-2.671063065,-6.805337917,-2.373726361,-14.36866432,-2.840409579,-6.059353992,-0.427838505,-5.735042191,,,,,,,,,,,,,,,,,,,,,,,,,,,,,,,,,,,,,,,,,,,,,,,,,
11.08,-26.42142779,-1.200884037,-14.603021,-6.464606537,-2.808298799,-0.867323819,-39.94265716,-2.255658759,-11.168254,-8.402270122,-15.51289308,-3.145172953,-9.679990075,-1.261018084,-6.512408672,-10.57702481,-4.790981058,-0.899536244,-1.641851577,-8.482923626,-1.44380109,-6.873398204,-2.916813104,-7.542728724,-0.28736561,-5.856503045,,,,,,,,,,,,,,,,,,,,,,,,,,,,,,,,,,,,,,,,,,,,,,,,,
11.09,-27.0532086,-0.981765973,-12.51056672,-4.914012882,-2.359950073,-0.646522016,-23.14871217,-1.625771187,-11.44950111,-7.080807948,-31.21817774,-2.218747325,-6.254210785,-0.916225738,-6.947794932,-6.462993193,-5.422167557,-0.620172949,-1.031272134,-12.03930293,-0.902356803,-3.568823635,-3.176039791,-10.70550496,-0.198089816,-6.036165588,,,,,,,,,,,,,,,,,,,,,,,,,,,,,,,,,,,,,,,,,,,,,,,,,
11.1,-25.83775568,-0.790170866,-10.34359521,-3.646414678,-1.934832921,-0.481100915,-16.10577496,-1.165760988,-12.38920591,-5.72927456,-16.0770805,-1.541785564,-3.992243899,-0.6642614,-7.875488342,-3.940165575,-6.639610701,-0.431785494,-0.664710624,-23.86810109,-0.581002758,-1.941797552,-3.717522401,-20.33424142,-0.139728269,-6.260264013,,,,,,,,,,,,,,,,,,,,,,,,,,,,,,,,,,,,,,,,,,,,,,,,,
11.11,-22.9635549,-0.627975209,-8.267008854,-2.654555025,-1.551149086,-0.358458095,-11.42499957,-0.83622788,-14.44266324,-4.462944997,-8.813111295,-1.065292254,-2.531681134,-0.482680754,-9.670193652,-2.405059216,-9.066626055,-0.304310058,-0.439933507,-15.0147957,-0.385123622,-1.111540369,-4.782552346,-15.64500894,-0.100591341,-6.510634164,,,,,,,,,,,,,,,,,,,,,,,,,,,,,,,,,,,,,,,,,,,,,,,,,
11.12,-19.34294209,-0.494333634,-6.396296347,-1.908035093,-1.220112603,-0.26802113,-7.993172312,-0.602543217,-19.13370923,-3.363052579,-5.101896364,-0.737372523,-1.612698281,-0.352645508,-13.4221505,-1.487317964,-14.99781612,-0.217339744,-0.29860056,-7.271942469,-0.262236514,-0.669022515,-7.033927,-7.105189707,-0.073740256,-6.762669488,,,,,,,,,,,,,,,,,,,,,,,,,,,,,,,,,,,,,,,,,,,,,,,,,
11.13,-15.6844262,-0.386582818,-4.802881748,-1.363014721,-0.945452753,-0.201433616,-5.459810755,-0.437323684,-52.86916788,-2.46846655,-3.001679702,-0.513972977,-1.041508405,-0.259588199,-26.07121334,-0.940122965,-23.81518064,-0.157351328,-0.207429599,-3.831927754,-0.182944488,-0.421264855,-13.07296051,-3.590681534,-0.054938108,-6.984047805,,,,,,,,,,,,,,,,,,,,,,,,,,,,,,,,,,,,,,,,,,,,,,,,,
11.14,-12.31470364,-0.301140399,-3.516176252,-0.973233578,-0.724792916,-0.152338445,-3.647129202,-0.320262345,-16.5254603,-1.779365071,-1.803659055,-0.361935697,-0.685558794,-0.192778111,-15.82026733,-0.609770482,-9.346649138,-0.115461265,-0.147158589,-2.108025113,-0.130426163,-0.275784761,-19.37018662,-1.916713869,-0.041528847,-7.135228307,,,,,,,,,,,,,,,,,,,,,,,,,,,,,,,,,,,,,,,,,,,,,,,,,
11.15,-9.362514063,-0.234203982,-2.526652178,-0.697646334,-0.551911647,-0.116014814,-2.403730232,-0.236861354,-9.872358341,-1.270065732,-1.115306374,-0.257942754,-0.460878488,-0.144530147,-8.175404975,-0.406022387,-4.681112589,-0.085831023,-0.106399281,-1.215294971,-0.094802461,-0.186628658,-6.803629761,-1.082996273,-0.031806827,-7.172943339,,,,,,,,,,,,,,,,,,,,,,,,,,,,,,,,,,,,,,,,,,,,,,,,,
11.16,-6.88424723,-0.182196634,-1.79589803,-0.503570837,-0.418931462,-0.089007594,-1.580468319,-0.176983657,-6.102832447,-0.904090524,-0.711828191,-0.186185526,-0.316450484,-0.109422682,-4.551331903,-0.277184703,-2.494696014,-0.064600477,-0.078256344,-0.734766892,-0.070112967,-0.129914546,-3.028022653,-0.64630493,-0.024652421,-7.05742128,,,,,,,,,,,,,,,,,,,,,,,,,,,,,,,,,,,,,,,,,,,,,,,,,
11.17,-4.901432033,-0.141992947,-1.271928708,-0.366693896,-0.317909766,-0.068807825,-1.046418976,-0.133609065,-3.779701721,-0.645352681,-0.468593147,-0.136129529,-0.221706562,-0.083655849,-2.61198703,-0.193622192,-1.406273892,-0.049194323,-0.058453524,-0.464048962,-0.052666417,-0.092655595,-1.494898552,-0.404740477,-0.019315865,-6.762430851,,,,,,,,,,,,,,,,,,,,,,,,,,,,,,,,,,,,,,,,,,,,,,,,,
11.18,-3.39741642,-0.11099164,-0.902955294,-0.269655793,-0.241739606,-0.05359952,-0.701936656,-0.101887114,-2.352687488,-0.463681857,-0.317396985,-0.100791685,-0.15826914,-0.06456904,-1.550624426,-0.138093268,-0.837514062,-0.03787595,-0.044277131,-0.30445053,-0.040120142,-0.067485389,-0.80799576,-0.26406355,-0.015285873,-6.284884976,,,,,,,,,,,,,,,,,,,,,,,,,,,,,,,,,,,,,,,,,,,,,,,,,
11.19,-2.313672713,-0.087097923,-0.645243795,-0.200342805,-0.184509077,-0.04206831,-0.47856786,-0.078458515,-1.485783944,-0.336128474,-0.22055758,-0.075533643,-0.114948029,-0.050294448,-0.956093768,-0.100351569,-0.5240137,-0.029460819,-0.033967554,-0.20637335,-0.030953346,-0.050063862,-0.470739215,-0.178335551,-0.012207965,-5.649482029,,,,,,,,,,,,,,,,,,,,,,,,,,,,,,,,,,,,,,,,,,,,,,,,,
11.2,-1.564157215,-0.068662385,-0.465364566,-0.150393555,-0.141526617,-0.033260809,-0.332002873,-0.060984344,-0.958532242,-0.246162598,-0.156786236,-0.057254737,-0.084811037,-0.039514353,-0.611957467,-0.074162987,-0.342018421,-0.02313149,-0.026360845,-0.143852581,-0.024158085,-0.0377463,-0.291157042,-0.12400943,-0.009832626,-4.905414676,,,,,,,,,,,,,,,,,,,,,,,,,,,,,,,,,,,,,,,,,,,,,,,,,
11.21,-1.059262788,-0.05440579,-0.339246412,-0.114054103,-0.109182021,-0.02648292,-0.23435114,-0.047824527,-0.633544898,-0.18223305,-0.113719548,-0.043863728,-0.063481585,-0.031293197,-0.405317856,-0.05564396,-0.23133854,-0.018317327,-0.020672813,-0.102701644,-0.01905353,-0.028872276,-0.188868802,-0.088408227,-0.00798177,-4.115861646,,,,,,,,,,,,,,,,,,,,,,,,,,,,,,,,,,,,,,,,,,,,,,,,,
11.22,-0.723223979,-0.043345693,-0.250133114,-0.087356742,-0.084751827,-0.021226947,-0.168194488,-0.037819658,-0.429075079,-0.136387344,-0.083968788,-0.033935699,-0.048143088,-0.02496196,-0.276702647,-0.04231982,-0.161260594,-0.014615513,-0.016366155,-0.074848303,-0.015171773,-0.022371393,-0.12731606,-0.064394113,-0.006526654,-3.344116983,,,,,,,,,,,,,,,,,,,,,,,,,,,,,,,,,,,,,,,,,,,,,,,,,
11.23,-0.499781719,-0.034732069,-0.186556046,-0.067551161,-0.066206567,-0.017119557,-0.122611656,-0.030143021,-0.297388062,-0.103178783,-0.062994246,-0.026489195,-0.036948883,-0.020038571,-0.193962203,-0.032579854,-0.115327844,-0.011738637,-0.013067,-0.055526653,-0.012186105,-0.017537202,-0.088572777,-0.047784717,-0.005373107,-2.64112629,,,,,,,,,,,,,,,,,,,,,,,,,,,,,,,,,,,,,,,,,,,,,,,,,
11.24,-0.350247004,-0.027994109,-0.140712797,-0.052717239,-0.052044364,-0.013884662,-0.09068282,-0.024199908,-0.210549233,-0.078873216,-0.047933567,-0.020840757,-0.028666661,-0.016172959,-0.139136488,-0.025354879,-0.08431224,-0.009479541,-0.010511493,-0.041828455,-0.009865077,-0.013893556,-0.06326135,-0.036041921,-0.004451486,-2.038165514,,,,,,,,,,,,,,,,,,,,,,,,,,,,,,,,,,,,,,,,,,,,,,,,,
11.25,-0.24908501,-0.02269786,-0.107290731,-0.041503332,-0.04115724,-0.011316895,-0.067962718,-0.019558733,-0.151978177,-0.060898219,-0.036938575,-0.016509272,-0.022460357,-0.013108935,-0.101843371,-0.019922217,-0.062823705,-0.007687478,-0.008510996,-0.031926251,-0.008042535,-0.011113423,-0.046199748,-0.027577204,-0.003709766,-1.546100217,,,,,,,,,,,,,,,,,,,,,,,,,,,,,,,,,,,,,,,,,,,,,,,,,
11.26,-0.179746891,-0.018513255,-0.082654094,-0.032949544,-0.032728164,-0.009262603,-0.051552081,-0.015903589,-0.111636149,-0.047468954,-0.028789771,-0.013152493,-0.017753923,-0.010657598,-0.07588122,-0.015785222,-0.047598292,-0.006251762,-0.006929035,-0.024641452,-0.006597735,-0.00896833,-0.034388489,-0.021368983,-0.003108714,-1.159900068,,,,,,,,,,,,,,,,,,,,,,,,,,,,,,,,,,,,,,,,,,,,,,,,,
11.27,-0.1315516,-0.015188857,-0.064295771,-0.026368009,-0.026153751,-0.007606164,-0.039530441,-0.013001312,-0.083310131,-0.037336476,-0.022666466,-0.010524492,-0.014144741,-0.008678641,-0.057431598,-0.012597348,-0.036595766,-0.005090449,-0.005665804,-0.01919615,-0.005441952,-0.007296183,-0.026021522,-0.016744283,-0.002618482,-0.865320842,,,,,,,,,,,,,,,,,,,,,,,,,,,,,,,,,,,,,,,,,,,,,,,,,
11.28,-0.097576042,-0.012532687,-0.050471286,-0.021261351,-0.020987138,-0.006260093,-0.030606178,-0.010678435,-0.063068888,-0.029618738,-0.018006374,-0.008446862,-0.011347665,-0.007067128,-0.044077812,-0.010113385,-0.028504618,-0.004142404,-0.004647588,-0.015066201,-0.004509319,-0.005980349,-0.019973951,-0.013250201,-0.002216174,-0.644880854,,,,,,,,,,,,,,,,,,,,,,,,,,,,,,,,,,,,,,,,,,,,,,,,,
11.29,-0.073292389,-0.010397746,-0.039954985,-0.017266755,-0.016896144,-0.005157852,-0.023897823,-0.008804921,-0.048371431,-0.023686857,-0.014417928,-0.006789,-0.009158254,-0.005744063,-0.034251879,-0.008157599,-0.022460659,-0.003361703,-0.003819455,-0.011891865,-0.003750482,-0.004935824,-0.015524317,-0.01057606,-0.001884096,-0.481761757,,,,,,,,,,,,,,,,,,,,,,,,,,,,,,,,,,,,,,,,,,,,,,,,,
11.3,-0.055705053,-0.008671128,-0.03187712,-0.014117304,-0.013632757,-0.004248588,-0.018795422,-0.0072826,-0.037542125,-0.019088143,-0.011624375,-0.005454491,-0.007428269,-0.004649617,-0.026913474,-0.006602568,-0.017881804,-0.002713629,-0.003140144,-0.009422122,-0.003128148,-0.00409992,-0.01219794,-0.008505069,-0.001608469,-0.361664731,,,,,,,,,,,,,,,,,,,,,,,,,,,,,,,,,,,,,,,,,,,,,,,,,
11.31,-0.042806813,-0.007265829,-0.025614362,-0.011615029,-0.01101094,-0.003493268,-0.014871372,-0.006036865,-0.0294552,-0.01549365,-0.009427456,-0.004371598,-0.006049103,-0.003738227,-0.021358332,-0.005354907,-0.014368213,-0.0021718,-0.002578442,-0.00747919,-0.002613921,-0.003425899,-0.00967542,-0.006883601,-0.001378496,-0.273281428,,,,,,,,,,,,,,,,,,,,,,,,,,,,,,,,,,,,,,,,,,,,,,,,,
11.32,-0.033234971,-0.006114585,-0.020715646,-0.009611961,-0.008890452,-0.002861812,-0.011822234,-0.005010665,-0.023341176,-0.01266214,-0.007683388,-0.00348656,-0.004940425,-0.002975025,-0.017100949,-0.004345517,-0.01164037,-0.001716074,-0.002110594,-0.005935465,-0.002186038,-0.002878567,-0.007737537,-0.005601267,-0.001185661,-0.208052617,,,,,,,,,,,,,,,,,,,,,,,,,,,,,,,,,,,,,,,,,,,,,,,,,
11.33,-0.026052266,-0.00516523,-0.016851502,-0.007996699,-0.007165055,-0.002330975,-0.009430227,-0.004160136,-0.01866569,-0.010415119,-0.006286723,-0.002758828,-0.004042299,-0.002333212,-0.013801094,-0.003522814,-0.009499762,-0.00133102,-0.001718431,-0.004698255,-0.001827721,-0.00243117,-0.006231158,-0.004577748,-0.001023207,-0.159667712,,,,,,,,,,,,,,,,,,,,,,,,,,,,,,,,,,,,,,,,,,,,,,,,,
11.34,-0.020605822,-0.004377188,-0.01377913,-0.006684803,-0.005753877,-0.001882745,-0.007537402,-0.003451385,-0.015052197,-0.008619378,-0.005159344,-0.002157634,-0.003309659,-0.00179212,-0.011216766,-0.002847993,-0.007803385,-0.001004789,-0.001388005,-0.003699504,-0.001525974,-0.002063198,-0.005047615,-0.00375394,-0.000885744,-0.123542189,,,,,,,,,,,,,,,,,,,,,,,,,,,,,,,,,,,,,,,,,,,,,,,,,
11.35,-0.016435279,-0.003718818,-0.011318083,-0.005611869,-0.004595065,-0.001503149,-0.006028085,-0.002858111,-0.012231772,-0.007174685,-0.004242847,-0.001659523,-0.002708381,-0.00133577,-0.009173494,-0.00229166,-0.006446887,-0.000728272,-0.001108577,-0.002888766,-0.001270693,-0.0017588,-0.00410871,-0.003085908,-0.000768951,-0.096369108,,,,,,,,,,,,,,,,,,,,,,,,,,,,,,,,,,,,,,,,,,,,,,,,,
11.36,-0.013212228,-0.003165393,-0.009333186,-0.004728497,-0.003641101,-0.001181345,-0.004816812,-0.002359832,-0.010009969,-0.006005024,-0.003493213,-0.001246537,-0.002212469,-0.000951788,-0.00754395,-0.00183142,-0.005353238,-0.000494473,-0.000871877,-0.00222834,-0.001054004,-0.001505631,-0.003357461,-0.002540695,-0.000669347,-0.075767875,,,,,,,,,,,,,,,,,,,,,,,,,,,,,,,,,,,,,,,,,,,,,,,,,
11.37,-0.010699784,-0.002697562,-0.00772243,-0.003996605,-0.002855336,-0.000908933,-0.003839926,-0.001940562,-0.008244586,-0.00505231,-0.002877025,-0.000904888,-0.001802019,-0.000630593,-0.006234165,-0.001450129,-0.004464974,-0.000298035,-0.000671541,-0.001689844,-0.000869765,-0.001294013,-0.002751878,-0.002093385,-0.000584117,-0.06002234,,,,,,,,,,,,,,,,,,,,,,,,,,,,,,,,,,,,,,,,,,,,,,,,,
11.38,-0.008725283,-0.002300167,-0.006408304,-0.003386708,-0.002209396,-0.000679424,-0.003049666,-0.0015878,-0.006830541,-0.00427184,-0.002368759,-0.000623969,-0.001461728,-0.000364776,-0.005174095,-0.001134614,-0.003738827,-0.000134879,-0.000502688,-0.001251791,-0.000713191,-0.001116308,-0.002260718,-0.001725007,-0.000510974,-0.047890795,,,,,,,,,,,,,,,,,,,,,,,,,,,,,,,,,,,,,,,,,,,,,,,,,
11.39,-0.00716162,-0.00196134,-0.005331541,-0.002875894,-0.001681254,-0.000487836,-0.002409972,-0.001291769,-0.005689441,-0.003628973,-0.00194882,-0.000395621,-0.001179798,-0.00014863,-0.004311053,-0.000874737,-0.003141949,-1.93E-06,-0.000361602,-0.00089784,-0.000580562,-0.000966452,-0.001860532,-0.001421039,-0.000448055,-0.038470185,,,,,,,,,,,,,,,,,,,,,,,,,,,,,,,,,,,,,,,,,,,,,,,,,
11.4,-0.005914344,-0.001671799,-0.004446572,-0.002446314,-0.001253765,-0.000330381,-0.001893466,-0.001044835,-0.004762292,-0.003096688,-0.001602105,-0.000213573,-0.00094712,2.22E-05,-0.003605088,-0.000662683,-0.002649216,0.000103091,-0.000245489,-0.000615521,-0.000469011,-0.000839604,-0.001533592,-0.001170309,-0.000393838,-0.031099752,,,,,,,,,,,,,,,,,,,,,,,,,,,,,,,,,,,,,,,,,,,,,,,,,
11.41,-0.00491265,-0.001424309,-0.003718181,-0.002084039,-0.000913566,-0.00020422,-0.001479268,-0.000841056,-0.00400435,-0.002653781,-0.001316946,-7.30E-05,-0.000756665,0.000151064,-0.003025691,-0.000492445,-0.002241296,0.000181839,-0.000152281,-0.000395314,-0.000376343,-0.000731879,-0.001266418,-0.000964201,-0.000347075,-0.025292826,,,,,,,,,,,,,,,,,,,,,,,,,,,,,,,,,,,,,,,,,,,,,,,,,
11.42,-0.004103014,-0.00121326,-0.003119042,-0.001778197,-0.000650239,-0.000107273,-0.001151403,-0.000675835,-0.003381441,-0.002283508,-0.001084319,2.96E-05,-0.000603019,0.000240383,-0.00254942,-0.000359419,-0.001903239,0.00023546,-8.05E-05,-0.000229953,-0.000300915,-0.000640147,-0.001048709,-0.000796057,-0.000306745,-0.020688486,,,,,,,,,,,,,,,,,,,,,,,,,,,,,,,,,,,,,,,,,,,,,,,,,
11.43,-0.003444652,-0.001034335,-0.002627877,-0.001520309,-0.000455669,-3.81E-05,-0.00089762,-0.000545652,-0.002867302,-0.001972576,-0.000897253,9.72E-05,-0.000482036,0.000291963,-0.002158174,-0.000260104,-0.001623436,0.000264699,-2.91E-05,-0.000113914,-0.00024152,-0.000561872,-0.000872577,-0.000660734,-0.000272006,-0.017017199,,,,,,,,,,,,,,,,,,,,,,,,,,,,,,,,,,,,,,,,,,,,,,,,,
11.44,-0.002906255,-0.000884253,-0.002228078,-0.001303788,-0.000323551,4.36E-06,-0.000708521,-0.000447847,-0.002441645,-0.001710376,-0.00075038,0.000131632,-0.000390571,0.000307051,-0.001837921,-0.000191874,-0.001392856,0.000269973,2.45E-06,-4.30E-05,-0.000197316,-0.000494994,-0.000731973,-0.000554274,-0.000242168,-0.014076289,,,,,,,,,,,,,,,,,,,,,,,,,,,,,,,,,,,,,,,,,,,,,,,,,
11.45,-0.002463621,-0.000760565,-0.001906665,-0.001123541,-0.000249013,2.06E-05,-0.000576908,-0.000380464,-0.002088728,-0.001488396,-0.000639596,0.000134388,-0.000326271,0.000286456,-0.001577752,-0.000152792,-0.001204465,0.000251433,1.46E-05,-1.42E-05,-0.000167757,-0.000437834,-0.000622263,-0.000473645,-0.000216665,-0.011712317,,,,,,,,,,,,,,,,,,,,,,,,,,,,,,,,,,,,,,,,,,,,,,,,,
11.46,-0.002097914,-0.000661495,-0.001653492,-0.000975671,-0.000228319,1.09E-05,-0.000497288,-0.000342109,-0.001796302,-0.001299774,-0.000561795,0.000106444,-0.000287416,0.000230632,-0.001369184,-0.000141481,-0.001052792,0.000209013,7.25E-06,-2.51E-05,-0.00015254,-0.00038902,-0.000539916,-0.000416552,-0.000195034,-0.009808363,,,,,,,,,,,,,,,,,,,,,,,,,,,,,,,,,,,,,,,,,,,,,,,,,
11.47,-0.001794381,-0.000585809,-0.001460643,-0.000857237,-0.000258642,-2.48E-05,-0.0004655,-0.000331857,-0.001554812,-0.001138952,-0.000514673,4.84E-05,-0.000272799,0.000139741,-0.001205617,-0.000157005,-0.000933599,0.000142469,-1.96E-05,-7.42E-05,-0.000151568,-0.000347429,-0.000482265,-0.000381285,-0.000176894,-0.008274775,,,,,,,,,,,,,,,,,,,,,,,,,,,,,,,,,,,,,,,,,,,,,,,,,
11.48,-0.001541402,-0.000532717,-0.001321966,-0.00076607,-0.000337881,-8.66E-05,-0.000478429,-0.00034916,-0.001356806,-0.001001414,-0.000496567,-3.94E-05,-0.000281622,1.37E-05,-0.001081938,-0.000198796,-0.000843629,5.14E-05,-6.64E-05,-0.000160381,-0.000164916,-0.000312137,-0.000447321,-0.000366604,-0.000161941,-0.007042402,,,,,,,,,,,,,,,,,,,,,,,,,,,,,,,,,,,,,,,,,,,,,,,,,
11.49,-0.00132977,-0.000501791,-0.001232707,-0.000700624,-0.000464522,-0.000175142,-0.000533788,-0.000393785,-0.001196478,-0.00088347,-0.000506331,-0.000156967,-0.000313424,-0.000147739,-0.000994207,-0.000266577,-0.000780405,-6.47E-05,-0.000133521,-0.000282999,-0.000192804,-0.00028239,-0.000433637,-0.00037165,-0.000149925,-0.006057611,,,,,,,,,,,,,,,,,,,,,,,,,,,,,,,,,,,,,,,,,,,,,,,,,
11.5,-0.001152151,-0.0004929,-0.001189236,-0.000659861,-0.000637529,-0.000290844,-0.000629948,-0.000465763,-0.001069323,-0.000782098,-0.000543242,-0.000304388,-0.000368018,-0.000345037,-0.00093942,-0.000360314,-0.000742082,-0.000206425,-0.000221626,-0.000441752,-0.000235575,-0.000257567,-0.000440199,-0.000395873,-0.000140652,-0.005278592,,,,,,,,,,,,,,,,,,,,,,,,,,,,,,,,,,,,,,,,,,,,,,,,,
10.51,-43.5778949,-33.78354136,-37.61667038,-37.35892799,-36.65419741,-33.38571218,-40.30131853,-32.97703736,-39.37940879,-36.20254204,-35.62206797,-35.48947209,-36.3974955,-30.30590819,-36.3039579,-33.86110391,-33.5959926,-31.16008314,-32.35136754,-35.34169076,-28.68627538,-31.41873883,-35.83968964,-33.65285409,-27.66166005,-41.71443881,,,,,,,,,,,,,,,,,,,,,,,,,,,,,,,,,,,,,,,,,,,,,,,,,
10.52,-42.74180331,-32.66670568,-36.67751239,-36.39842247,-35.6344579,-32.26908106,-39.38936711,-31.89701713,-38.4768196,-35.19053138,-34.63611691,-34.42642424,-35.39349027,-29.09006951,-35.34320927,-32.78921688,-32.58173958,-29.95237902,-31.23580244,-34.32917396,-27.46773663,-30.30014648,-34.8345874,-32.57972823,-26.41314813,-40.86396856,,,,,,,,,,,,,,,,,,,,,,,,,,,,,,,,,,,,,,,,,,,,,,,,,
10.53,-41.88797706,-31.51137578,-35.71550748,-35.41365088,-34.58436674,-31.11591892,-38.4559987,-30.78498253,-37.5539642,-34.14987287,-33.62683243,-33.33150325,-34.36322723,-27.82887154,-34.36021363,-31.68727401,-31.54462335,-28.70126287,-30.08780586,-33.29140865,-26.21114678,-29.1519306,-33.80558899,-31.47761333,-25.12505437,-39.99418741,,,,,,,,,,,,,,,,,,,,,,,,,,,,,,,,,,,,,,,,,,,,,,,,,
10.54,-41.01552553,-30.3140136,-34.72933162,-34.40312437,-33.50156704,-29.92315825,-37.50003246,-29.63862548,-36.60981743,-33.07853802,-32.59311194,-32.20234813,-33.30512822,-26.51796578,-33.35392467,-30.55342953,-30.48392118,-27.40284179,-28.90531405,-32.22711733,-24.91431936,-27.97282168,-32.75171309,-30.34497464,-23.79503128,-39.1039804,,,,,,,,,,,,,,,,,,,,,,,,,,,,,,,,,,,,,,,,,,,,,,,,,
10.55,-40.12348571,-29.07051496,-33.71753735,-33.36520224,-32.38338428,-28.6872906,-36.52018313,-28.45536791,-35.64327648,-31.97425737,-31.53379792,-31.03630561,-32.21746801,-25.15231101,-32.32324179,-29.38568364,-29.39896495,-26.05265117,-27.68608325,-31.13495069,-23.57503767,-26.76158368,-31.67197444,-29.1802075,-22.42067938,-38.1921237,,,,,,,,,,,,,,,,,,,,,,,,,,,,,,,,,,,,,,,,,,,,,,,,,
10.56,-39.2108139,-27.77607832,-32.67853817,-32.29806981,-31.22676362,-27.40427661,-35.51504811,-27.23232033,-34.65315373,-30.83447978,-30.44768108,-29.83037911,-31.09835682,-23.72602782,-31.26701196,-28.18187353,-28.28917424,-24.64554571,-26.42767916,-30.01349038,-22.19114032,-25.51706452,-30.56540312,-27.98165267,-20.99963691,-37.25726917,,,,,,,,,,,,,,,,,,,,,,,,,,,,,,,,,,,,,,,,,,,,,,,,,
10.57,-38.27637607,-26.42503403,-31.61059041,-31.19971235,-30.02819096,-26.06943341,-34.48309273,-25.96623438,-33.63816892,-29.65632307,-29.33350702,-28.5811667,-29.94572081,-22.23222378,-30.18403426,-26.93966821,-27.15410085,-23.17557201,-25.12747221,-28.86125584,-20.76066593,-24.2382702,-29.43107187,-26.747623,-19.52973831,-36.29792594,,,,,,,,,,,,,,,,,,,,,,,,,,,,,,,,,,,,,,,,,,,,,,,,,
10.58,-37.31893688,-25.01062026,-30.51177256,-30.06788406,-28.78359241,-24.67729368,-33.42263312,-24.65344957,-32.59694096,-28.43651397,-28.18998757,-27.28478568,-28.7572809,-20.66279248,-29.07306819,-25.65657072,-25.9934885,-21.63582713,-23.78264409,-27.67671734,-19.28209255,-22.92447274,-28.26813474,-25.47644712,-18.0092868,-35.31243845,,,,,,,,,,,,,,,,,,,,,,,,,,,,,,,,,,,,,,,,,,,,,,,,,
10.59,-36.33714679,-23.52468655,-29.37996162,-28.90007127,-27.48820519,-23.22143025,-32.33181643,-23.28983682,-31.52797927,-27.17131488,-27.01581932,-25.93678117,-27.53053027,-19.00820712,-27.93284756,-24.32993353,-24.80735213,-20.01832021,-22.3902154,-26.45831836,-17.75472797,-21.57536624,-27.07588082,-24.16653894,-16.43751575,-34.29896003,,,,,,,,,,,,,,,,,,,,,,,,,,,,,,,,,,,,,,,,,,,,,,,,,
10.6,-35.32952724,-21.9573004,-28.21280634,-27.69344885,-26.13641012,-21.69424168,-31.20859802,-21.87074458,-30.42967522,-25.85643475,-25.80971251,-24.53201637,-26.26271201,-17.25737406,-26.7621025,-22.95699713,-23.5960829,-18.31388508,-20.94711155,-25.20451205,-16.17933771,-20.19129092,-25.85380869,-22.81650594,-14.81535876,-33.25542079,,,,,,,,,,,,,,,,,,,,,,,,,,,,,,,,,,,,,,,,,,,,,,,,,
10.61,-34.29445326,-20.29622789,-27.00769753,-26.44482874,-24.72151242,-20.08670103,-30.05071521,-20.39096162,-29.30029397,-24.48692142,-24.57043502,-23.06454398,-24.95079936,-15.39772743,-25.55959309,-21.53496845,-22.3605858,-16.51226486,-19.45029666,-23.91381882,-14.55913841,-18.7735518,-24.6017288,-21.42531562,-13.14671226,-32.17948851,,,,,,,,,,,,,,,,,,,,,,,,,,,,,,,,,,,,,,,,,,,,,,,,,
10.62,-33.23013318,-18.52626579,-25.76173608,-25.15059993,-23.23545317,-18.38809205,-28.85565723,-18.84472679,-28.13796783,-23.05703383,-23.29687841,-21.52746302,-23.59148374,-13.41604044,-24.32416025,-20.06116727,-21.10245795,-14.60266494,-17.89702762,-22.58491544,-12.90132661,-17.32486547,-23.31990325,-19.99254878,-11.44044465,-31.06852054,,,,,,,,,,,,,,,,,,,,,,,,,,,,,,,,,,,,,,,,,,,,,,,,,
10.63,-32.13458483,-16.62844923,-24.47170039,-23.80666033,-21.66842903,-16.58581727,-27.62063144,-17.22584977,-26.94069258,-21.56009634,-21.98815616,-19.91277804,-22.18118012,-11.30117912,-23.0548011,-18.53328777,-19.8242159,-12.57548795,-16.28531924,-21.21677149,-11.21931717,-15.84997274,-22.00923502,-18.51878116,-9.713417308,-29.91950417,,,,,,,,,,,,,,,,,,,,,,,,,,,,,,,,,,,,,,,,,,,,,,,,,
10.64,-31.00560758,-14.57934505,-23.1340175,-22.40834281,-20.00839579,-14.66552602,-26.34252605,-15.52807705,-25.70632932,-19.98834714,-20.6437487,-18.2113085,-20.7160673,-9.051885646,-21.75078018,-16.94985441,-18.52957793,-10.42694233,-14.61477653,-19.80885631,-9.535720792,-14.35644703,-20.67152082,-17.00615066,-7.99453655,-28.72898215,,,,,,,,,,,,,,,,,,,,,,,,,,,,,,,,,,,,,,,,,,,,,,,,,
10.65,-29.84074951,-12.35129708,-21.74474585,-20.95034351,-18.24044257,-12.6122473,-25.01787111,-13.74598164,-24.43261613,-18.33281754,-19.26371607,-16.41276995,-19.19219618,-6.696791819,-20.41179211,-15.31100179,-17.22380167,-8.170333006,-12.88805369,-18.36145031,-7.885561307,-12.85569331,-19.3097832,-15.45918382,-6.328916968,-27.49295908,,,,,,,,,,,,,,,,,,,,,,,,,,,,,,,,,,,,,,,,,,,,,,,,,
10.66,-28.63726904,-9.916745297,-20.29958605,-19.42667143,-16.34608059,-10.41437917,-23.64280131,-11.87694931,-23.11719636,-16.58333825,-17.84900767,-14.50632577,-17.60572684,-4.339246517,-19.03819791,-13.61978354,-15.91406346,-5.86123865,-11.1133398,-16.87610859,-6.31802666,-11.36403929,-17.92869459,-13.88595849,-4.779114039,-26.2067828,,,,,,,,,,,,,,,,,,,,,,,,,,,,,,,,,,,,,,,,,,,,,,,,,
10.67,-27.39209022,-7.267354347,-18.79395122,-17.83066326,-14.30270077,-8.075389079,-22.21302872,-9.925396216,-21.75767514,-14.72891248,-16.40190785,-12.48233138,-15.9534066,-2.225176701,-17.63136503,-11.88430566,-14.60984077,-3.642524433,-9.308377099,-15.3563402,-4.893372115,-9.903634224,-16.53509591,-12.29964246,-3.417856529,-24.86499353,,,,,,,,,,,,,,,,,,,,,,,,,,,,,,,,,,,,,,,,,,,,,,,,,
10.68,-26.10175156,-4.481437546,-17.22315811,-16.15516027,-12.08416615,-5.644658207,-20.72384198,-7.911252883,-20.3517229,-12.75904119,-14.92666487,-10.3369877,-14.2334949,-0.728909238,-16.19414966,-10.12102146,-13.32321837,-1.779724136,-7.506297545,-13.80857666,-3.671436511,-8.502586347,-15.13858579,-10.72030593,-2.308252616,-23.46113143,,,,,,,,,,,,,,,,,,,,,,,,,,,,,,,,,,,,,,,,,,,,,,,,,
10.69,-24.76234896,-1.903147511,-15.58285676,-14.39305896,-9.665875137,-3.284569597,-19.17016509,-5.885365785,-18.89725705,-10.66740971,-13.43035013,-8.083782264,-12.44750193,-0.067961137,-14.73156473,-8.359301425,-12.0689846,-0.565694877,-5.762220286,-12.24348799,-2.69316017,-7.193501392,-13.752106,-9.176566033,-1.478411213,-21.98749238,,,,,,,,,,,,,,,,,,,,,,,,,,,,,,,,,,,,,,,,,,,,,,,,,
10.7,-23.36947553,-0.281425295,-13.86992432,-12.53869334,-7.0453479,-1.346178874,-17.54674157,-3.951165163,-17.39275333,-8.461203338,-11.92396605,-5.779074499,-10.60335582,-0.042803812,-13.25166848,-6.64638227,-10.86433111,-0.059103967,-4.155895777,-10.6776191,-1.965414627,-6.009678509,-12.3923634,-7.706029021,-0.909488065,-20.43482303,,,,,,,,,,,,,,,,,,,,,,,,,,,,,,,,,,,,,,,,,,,,,,,,,
10.71,-21.91816555,-0.061223047,-12.08424735,-10.59102331,-4.311064564,-0.241278911,-15.8485747,-2.275099745,-15.83777,-6.182727811,-10.42372998,-3.567874983,-8.720873633,-0.280573683,-11.76666554,-5.049328276,-9.72795643,-0.020078631,-2.780702196,-9.135084765,-1.461052273,-4.979129061,-11.07981874,-6.352880141,-0.548193528,-18.79195686,,,,,,,,,,,,,,,,,,,,,,,,,,,,,,,,,,,,,,,,,,,,,,,,,
10.72,-20.40285927,-0.655356713,-10.23215069,-8.560594077,-1.813522884,-0.007300786,-14.07188069,-1.039627809,-14.23381733,-3.951549599,-8.952254883,-1.71935073,-6.840226127,-0.531965091,-10.29409857,-3.647424459,-8.67846004,-0.158990739,-1.712100146,-7.648594573,-1.133757779,-4.118237479,-9.837883389,-5.161186978,-0.331812291,-17.04542929,,,,,,,,,,,,,,,,,,,,,,,,,,,,,,,,,,,,,,,,,,,,,,,,,
10.73,-18.8174249,-1.364516568,-8.33266302,-6.48364451,-0.26670316,-0.258405251,-12.21605279,-0.324656518,-12.58576869,-2.011517444,-7.538993894,-0.527919348,-5.031966551,-0.694843402,-8.857780123,-2.509864398,-7.73214101,-0.301491184,-0.970304719,-6.258443836,-0.935488533,-3.428014151,-8.691004913,-4.164676794,-0.20698919,-15.17922018,,,,,,,,,,,,,,,,,,,,,,,,,,,,,,,,,,,,,,,,,,,,,,,,,
10.74,-17.15531513,-1.904961039,-6.427839989,-4.446400059,-0.057627791,-0.621272808,-10.28755695,-0.039737536,-10.90406901,-0.67729022,-6.218919142,-0.04741852,-3.400571315,-0.747264461,-7.48777288,-1.66678264,-6.900638752,-0.379479747,-0.511200033,-5.007837996,-0.826642398,-2.894911396,-7.66162562,-3.377370872,-0.136067149,-13.17509348,,,,,,,,,,,,,,,,,,,,,,,,,,,,,,,,,,,,,,,,,,,,,,,,,
10.75,-15.41002114,-2.221033044,-4.596014715,-2.610739695,-0.624716409,-0.914294658,-8.307259062,-0.005911205,-9.207959698,-0.081158159,-5.028385275,-0.031831667,-2.064354319,-0.701894579,-6.218437596,-1.096459866,-6.189090841,-0.382607539,-0.255203279,-3.934116748,-0.778111944,-2.495465971,-6.766574427,-2.790734516,-0.095345079,-11.01493153,,,,,,,,,,,,,,,,,,,,,,,,,,,,,,,,,,,,,,,,,,,,,,,,,
10.76,-13.57616498,-2.328130974,-2.957953786,-1.194811255,-1.312328571,-1.082633632,-6.322796296,-0.070167905,-7.529564406,-0.024005368,-3.998159777,-0.189803266,-1.103241732,-0.585420997,-5.083790346,-0.741083383,-5.595416114,-0.326422722,-0.124481056,-3.058599371,-0.769051253,-2.202068735,-6.014013079,-2.378963081,-0.070831747,-8.68911312,,,,,,,,,,,,,,,,,,,,,,,,,,,,,,,,,,,,,,,,,,,,,,,,,
10.77,-11.65193415,-2.258371435,-1.651924042,-0.34990364,-1.847303721,-1.126314157,-4.424553166,-0.14396307,-5.917501757,-0.195528841,-3.145775246,-0.347680816,-0.509933808,-0.429870654,-4.110663191,-0.535417025,-5.110919188,-0.236371714,-0.062282323,-2.380558581,-0.783808726,-1.987468393,-5.40209497,-2.108290325,-0.05446452,-6.222027913,,,,,,,,,,,,,,,,,,,,,,,,,,,,,,,,,,,,,,,,,,,,,,,,,
10.78,-9.644247312,-2.046685423,-0.764909047,-0.02697468,-2.172298299,-1.065777009,-2.751772295,-0.189734608,-4.436402614,-0.388584558,-2.471037019,-0.437860864,-0.198880275,-0.267976158,-3.312138687,-0.426481418,-4.721897995,-0.139455718,-0.034270728,-1.879227267,-0.809661905,-1.827211514,-4.919789263,-1.944839729,-0.041633328,-3.738903401,,,,,,,,,,,,,,,,,,,,,,,,,,,,,,,,,,,,,,,,,,,,,,,,,
10.79,-7.579067163,-1.729250182,-0.27246488,-0.027062335,-2.29998393,-0.92859259,-1.457414962,-0.19927691,-3.156809076,-0.514262808,-1.957333983,-0.449670508,-0.06203187,-0.129246679,-2.684647589,-0.378590011,-4.411646787,-0.058945819,-0.022280331,-1.522133658,-0.835672686,-1.700464441,-4.549329284,-1.858589951,-0.029889763,-1.581982622,,,,,,,,,,,,,,,,,,,,,,,,,,,,,,,,,,,,,,,,,,,,,,,,,
10.8,-5.519563947,-1.34523851,-0.0608608,-0.15634667,-2.260361671,-0.744479634,-0.621627822,-0.17863322,-2.133542055,-0.551484326,-1.577720061,-0.397712761,-0.013549294,-0.036015225,-2.210335338,-0.369843097,-4.162302003,-0.010726875,-0.017594059,-1.274325505,-0.852399091,-1.590009144,-4.269198676,-1.824180883,-0.018447917,-0.277883734,,,,,,,,,,,,,,,,,,,,,,,,,,,,,,,,,,,,,,,,,,,,,,,,,
10.81,-3.589033516,-0.93859422,-0.002652015,-0.297575901,-2.08632521,-0.542851575,-0.192003463,-0.139382776,-1.382830861,-0.510401875,-1.302109194,-0.306260467,-0.001394899,-0.000292506,-1.863025663,-0.386588572,-3.956236305,-0.001433707,-0.016149693,-1.104398448,-0.852082224,-1.482008723,-4.056730817,-1.820284679,-0.008083571,-0.015931671,,,,,,,,,,,,,,,,,,,,,,,,,,,,,,,,,,,,,,,,,,,,,,,,,
10.82,-1.97232396,-0.557690171,-0.00603486,-0.399179265,-1.811192034,-0.350644458,-0.029878179,-0.093782903,-0.87662159,-0.414340736,-1.102506551,-0.201388975,-0.000140728,-0.022744697,-1.614453999,-0.419019005,-3.77695867,-0.02877469,-0.015803538,-0.986713508,-0.829014975,-1.365841987,-3.889918803,-1.828782359,-0.001116988,-0.376078744,,,,,,,,,,,,,,,,,,,,,,,,,,,,,,,,,,,,,,,,,,,,,,,,,
10.83,-0.843566593,-0.250975704,-0.021206514,-0.44735344,-1.469480391,-0.189869078,-0.000189419,-0.052060637,-0.559269506,-0.291271838,-0.955441258,-0.106177522,-0.000296129,-0.094375317,-1.438456965,-0.458658056,-3.60961952,-0.083792356,-0.015123659,-0.901221973,-0.779931122,-1.23410855,-3.748468794,-1.834236973,-0.00125142,-0.877960426,,,,,,,,,,,,,,,,,,,,,,,,,,,,,,,,,,,,,,,,,,,,,,,,,
10.84,-0.237592285,-0.058214643,-0.028249009,-0.446469626,-1.09789271,-0.075304541,-0.015316129,-0.0210545,-0.37145439,-0.168867219,-0.842361464,-0.037378703,-7.79E-05,-0.200168595,-1.312755591,-0.497436574,-3.441257137,-0.154096121,-0.013129849,-0.832451209,-0.704350556,-1.082817237,-3.614313779,-1.823693308,-0.013121725,-1.287846118,,,,,,,,,,,,,,,,,,,,,,,,,,,,,,,,,,,,,,,,,,,,,,,,,
10.85,-0.021461199,-0.000423469,-0.024141072,-0.4084063,-0.734974828,-0.013203372,-0.032582271,-0.003864648,-0.265407462,-0.070625049,-0.749093311,-0.003535005,-0.000340552,-0.323169522,-1.219131844,-0.527770294,-3.260906688,-0.226950393,-0.009501711,-0.768562064,-0.604853124,-0.911737153,-3.47181059,-1.78668676,-0.041496751,-1.537909702,,,,,,,,,,,,,,,,,,,,,,,,,,,,,,,,,,,,,,,,,,,,,,,,,
10.86,-0.00940856,-0.074541016,-0.013635243,-0.347069142,-0.418435086,-0.001676394,-0.037833839,-0.00028096,-0.208605406,-0.012659006,-0.665130693,-0.004906945,-0.001957014,-0.447716296,-1.142936061,-0.543102008,-3.059667612,-0.29150975,-0.004903738,-0.700796074,-0.487233333,-0.724856592,-3.307790089,-1.715367623,-0.090189488,-1.627023779,,,,,,,,,,,,,,,,,,,,,,,,,,,,,,,,,,,,,,,,,,,,,,,,,
10.87,-0.064263666,-0.256817319,-0.003646164,-0.275501025,-0.180006514,-0.032704052,-0.031411055,-0.007716411,-0.180977066,-0.001800882,-0.583102252,-0.035150005,-0.004850016,-0.561329832,-1.072528283,-0.538544457,-2.830807417,-0.340040466,-0.001190056,-0.623311616,-0.360426973,-0.530819171,-3.111587107,-1.604718474,-0.16085279,-1.576471941,,,,,,,,,,,,,,,,,,,,,,,,,,,,,,,,,,,,,,,,,,,,,,,,,
10.88,-0.115168724,-0.51268417,-5.64E-05,-0.20431956,-0.039412339,-0.095017308,-0.019206493,-0.022334517,-0.170508989,-0.035711856,-0.498485917,-0.084048644,-0.008028303,-0.655421684,-0.998905448,-0.511436608,-2.569972771,-0.368316384,-0.001342913,-0.533297349,-0.236027887,-0.343069409,-2.875161134,-1.452898627,-0.251933417,-1.414957371,,,,,,,,,,,,,,,,,,,,,,,,,,,,,,,,,,,,,,,,,,,,,,,,,
10.89,-0.136943454,-0.807088323,-0.006176414,-0.140975851,-0.000453644,-0.176891271,-0.007599539,-0.040096376,-0.169608587,-0.104962671,-0.409510787,-0.140355905,-0.010127117,-0.725239909,-0.915556079,-0.461744306,-2.275577349,-0.375469172,-0.009073991,-0.431234748,-0.127182325,-0.179267525,-2.593426787,-1.261768565,-0.358063651,-1.174581939,,,,,,,,,,,,,,,,,,,,,,,,,,,,,,,,,,,,,,,,,,,,,,,,,
10.9,-0.128710873,-1.111046114,-0.022386001,-0.089642881,-0.051688722,-0.268205441,-0.000948188,-0.057551972,-0.172818409,-0.196213491,-0.317138124,-0.194021065,-0.010080581,-0.769437234,-0.818499576,-0.392281042,-1.949429425,-0.363513694,-0.028092377,-0.321176772,-0.046737589,-0.059445938,-2.264935357,-1.037616933,-0.470060388,-0.890158453,,,,,,,,,,,,,,,,,,,,,,,,,,,,,,,,,,,,,,,,,,,,,,,,,
10.91,-0.100205922,-1.403938687,-0.046582161,-0.051606185,-0.171459491,-0.361598083,-0.000781787,-0.072311786,-0.175717616,-0.295358565,-0.224994299,-0.2375351,-0.007674637,-0.789505974,-0.706448504,-0.308709323,-1.597630228,-0.336675531,-0.061129793,-0.210875805,-0.00479011,-0.002608853,-1.893066994,-0.79201047,-0.575523721,-0.598631865,,,,,,,,,,,,,,,,,,,,,,,,,,,,,,,,,,,,,,,,,,,,,,,,,
10.92,-0.063981613,-1.673108957,-0.075073002,-0.025991602,-0.334553049,-0.4528756,-0.006103087,-0.083219042,-0.17463661,-0.389859054,-0.13911471,-0.266473078,-0.003834351,-0.789196656,-0.581029009,-0.219236644,-1.2316781,-0.300588531,-0.108905055,-0.111528864,-0.006168109,-0.022206173,-1.487859856,-0.542478523,-0.659886776,-0.336953847,,,,,,,,,,,,,,,,,,,,,,,,,,,,,,,,,,,,,,,,,,,,,,,,,
10.93,-0.031079984,-1.912390155,-0.103590151,-0.010627804,-0.517662258,-0.540956584,-0.014303931,-0.090290211,-0.166822523,-0.470052375,-0.06735377,-0.279454585,-0.000579379,-0.773961933,-0.446976695,-0.133882177,-0.869497537,-0.261431376,-0.169272166,-0.03685503,-0.048659903,-0.121906368,-1.068402775,-0.312422838,-0.707765097,-0.137788357,,,,,,,,,,,,,,,,,,,,,,,,,,,,,,,,,,,,,,,,,,,,,,,,,
10.94,-0.008830621,-2.120533616,-0.128179322,-0.00285406,-0.70241941,-0.62760877,-0.022269439,-0.09451262,-0.150777173,-0.529617825,-0.018350466,-0.277734863,-0.000641136,-0.750444823,-0.312181783,-0.063212175,-0.535739331,-0.225130269,-0.236788981,-0.001272687,-0.12267889,-0.293522086,-0.665142647,-0.129341573,-0.704633046,-0.023904605,,,,,,,,,,,,,,,,,,,,,,,,,,,,,,,,,,,,,,,,,,,,,,,,,
10.95,-0.000176005,-2.299922165,-0.145839807,-0.000143942,-0.876294719,-0.71716763,-0.027355651,-0.09759897,-0.126579607,-0.565502756,-4.66E-05,-0.264579173,-0.00678997,-0.72604848,-0.187397324,-0.01657105,-0.260277127,-0.196843718,-0.30285585,-0.017209153,-0.212516467,-0.518090377,-0.320328553,-0.020571544,-0.639233465,-0.003671448,,,,,,,,,,,,,,,,,,,,,,,,,,,,,,,,,,,,,,,,,,,,,,,,,
10.96,-0.004144426,-2.455638595,-0.154878636,-0.000494984,-1.032229415,-0.816357687,-0.028058243,-0.10180938,-0.09607355,-0.577565931,-0.017940893,-0.244530464,-0.020982518,-0.70866705,-0.085385553,-7.03E-05,-0.073806457,-0.181021908,-0.356453672,-0.092051796,-0.298735026,-0.769435287,-0.083567184,-0.006806128,-0.507756717,-0.07024347,,,,,,,,,,,,,,,,,,,,,,,,,,,,,,,,,,,,,,,,,,,,,,,,,
10.97,-0.017052957,-2.594833837,-0.1550026,-0.002605282,-1.167764385,-0.934278775,-0.024303224,-0.109963283,-0.062839148,-0.568092654,-0.073463037,-0.222683814,-0.043503579,-0.706700155,-0.019330256,-0.01483932,-0.000560594,-0.18235225,-0.385449245,-0.225693245,-0.361042068,-1.018426005,-7.61E-05,-0.0955164,-0.32175928,-0.20507723,,,,,,,,,,,,,,,,,,,,,,,,,,,,,,,,,,,,,,,,,,,,,,,,,
10.98,-0.033979299,-2.726310465,-0.147194611,-0.005908909,-1.284113476,-1.082551152,-0.01736409,-0.125769878,-0.031888394,-0.541249514,-0.162935609,-0.204126534,-0.072319968,-0.729485481,-0.000559861,-0.056115864,-0.050475346,-0.207831299,-0.378520727,-0.409624628,-0.381310763,-1.236342262,-0.094232147,-0.277562458,-0.122557493,-0.38388487,,,,,,,,,,,,,,,,,,,,,,,,,,,,,,,,,,,,,,,,,,,,,,,,,
10.99,-0.050109265,-2.860243695,-0.13342602,-0.010574072,-1.385376725,-1.275510496,-0.009452257,-0.154593985,-0.009046007,-0.50250044,-0.277456096,-0.193765018,-0.102860215,-0.788225398,-0.03599505,-0.113541069,-0.214864299,-0.26999638,-0.328041965,-0.627915841,-0.34711047,-1.396750852,-0.357977306,-0.52895292,-0.002344532,-0.582274505,,,,,,,,,,,,,,,,,,,,,,,,,,,,,,,,,,,,,,,,,,,,,,,,,
11,-0.061720854,-3.007974289,-0.116260201,-0.017587094,-1.477947452,-1.530195665,-0.003061461,-0.204721907,-2.54E-05,-0.458003186,-0.403711513,-0.196800971,-0.128383696,-0.897311845,-0.126071628,-0.172635578,-0.468278763,-0.390871589,-0.234762936,-0.859561839,-0.25698866,-1.476215078,-0.753041787,-0.816562233,-0.117495126,-0.779400569,,,,,,,,,,,,,,,,,,,,,,,,,,,,,,,,,,,,,,,,,,,,,,,,,
11.01,-0.066723831,-3.181812268,-0.098414882,-0.029055233,-1.570108818,-1.865717012,-0.000189241,-0.289056042,-0.009293143,-0.414039916,-0.525427271,-0.220101808,-0.141049122,-1.075633632,-0.263898615,-0.217142176,-0.77525249,-0.605162162,-0.115700206,-1.081188939,-0.129608306,-1.454698322,-1.22500249,-1.10459086,-0.650271184,-0.959470662,,,,,,,,,,,,,,,,,,,,,,,,,,,,,,,,,,,,,,,,,,,,,,,,,
11.02,-0.064778816,-3.39478271,-0.082372595,-0.04885914,-1.671798727,-2.301556548,-0.001608864,-0.426875413,-0.038918245,-0.376592891,-0.625042612,-0.274586519,-0.13380899,-1.347004446,-0.435961118,-0.231976169,-1.097947037,-0.959606354,-0.016484281,-1.269261852,-0.018664248,-1.316980146,-1.718681425,-1.359169167,-1.694519803,-1.111787697,,,,,,,,,,,,,,,,,,,,,,,,,,,,,,,,,,,,,,,,,,,,,,,,,
11.03,-0.057067331,-3.660229369,-0.070153669,-0.083756782,-1.794512705,-2.854629535,-0.006405813,-0.644790335,-0.087671366,-0.351233132,-0.685351734,-0.378425662,-0.103406162,-1.738494399,-0.624018373,-0.206960597,-1.401477405,-1.504473727,-0.025586538,-1.401455217,-0.030126282,-1.057396521,-2.187169329,-1.550420977,-3.173262451,-1.230091974,,,,,,,,,,,,,,,,,,,,,,,,,,,,,,,,,,,,,,,,,,,,,,,,,
11.04,-0.045800684,-3.991185378,-0.063384186,-0.144948743,-1.951288089,-3.535622361,-0.01200447,-0.975420011,-0.15062394,-0.343517034,-0.691179325,-0.560148003,-0.055018306,-2.275736684,-0.807431414,-0.142212791,-1.656120912,-2.276459527,-0.275390477,-1.457381242,-0.320535298,-0.692529113,-2.593921128,-1.652722127,-4.905931169,-1.311722095,,,,,,,,,,,,,,,,,,,,,,,,,,,,,,,,,,,,,,,,,,,,,,,,,
11.05,-0.033571223,-4.399451387,-0.063793801,-0.249888878,-2.15665504,-4.345907674,-0.014894326,-1.45226613,-0.219378115,-0.360054884,-0.631603582,-0.859519286,-0.009247107,-2.97582312,-0.965211199,-0.056683803,-1.837280733,-3.281000602,-0.901161718,-1.419274382,-1.03795667,-0.289913263,-2.910889694,-1.644412765,-6.727177497,-1.356849515,,,,,,,,,,,,,,,,,,,,,,,,,,,,,,,,,,,,,,,,,,,,,,,,,
11.06,-0.022680095,-4.894416993,-0.074261261,-0.423673845,-2.426357209,-5.276516272,-0.012252988,-2.10082862,-0.282900503,-0.410298836,-0.503832425,-1.322889892,-0.011323447,-3.840745402,-1.077463459,-0.000853665,-1.924465669,-4.487397477,-1.958431458,-1.273707805,-2.218900762,-0.016495682,-3.115392932,-1.508474202,-8.534338884,-1.367866218,,,,,,,,,,,,,,,,,,,,,,,,,,,,,,,,,,,,,,,,,,,,,,,,,
11.07,-0.014617887,-5.481813764,-0.10048044,-0.698686398,-2.776581671,-6.309778684,-0.004696423,-2.929300223,-0.328835372,-0.50885156,-0.320637862,-1.990828409,-0.138627676,-4.855246404,-1.126347857,-0.069652466,-1.900356116,-5.841037826,-3.378374388,-1.016379244,-3.756485952,-0.161801627,-3.187119492,-1.236548702,-10.277202,-1.348914889,,,,,,,,,,,,,,,,,,,,,,,,,,,,,,,,,,,,,,,,,,,,,,,,,
11.08,-0.009911706,-6.162729467,-0.153209803,-1.11074292,-3.222482864,-7.42288107,-0.000442117,-3.924350689,-0.345219678,-0.677642425,-0.123786994,-2.881645954,-0.494646421,-5.990584726,-1.097041373,-0.398030077,-1.750979616,-7.282478951,-5.019755727,-0.664026684,-5.484711228,-0.998668968,-3.105874008,-0.841189916,-11.93637038,-1.30551529,,,,,,,,,,,,,,,,,,,,,,,,,,,,,,,,,,,,,,,,,,,,,,,,,
11.09,-0.008568604,-6.933234824,-0.250796512,-1.690901857,-3.776031063,-8.591801105,-0.02101869,-5.054980804,-0.322738807,-0.946622009,-0.003282043,-3.981259393,-1.174266688,-7.211889487,-0.979593239,-1.111585857,-1.468641654,-8.761189276,-6.749718865,-0.280257625,-7.267448715,-2.515489214,-2.850699913,-0.38581865,-13.50786471,-1.244235384,,,,,,,,,,,,,,,,,,,,,,,,,,,,,,,,,,,,,,,,,,,,,,,,,
11.1,-0.011339485,-7.784813114,-0.421087101,-2.455139169,-4.44364461,-9.794349842,-0.107640397,-6.281787962,-0.258031126,-1.351009105,-0.108516554,-5.247640504,-2.210007521,-8.485214237,-0.773226575,-2.245090281,-1.061175017,-10.24043444,-8.479747243,-0.017810045,-9.023324754,-4.430586773,-2.402330383,-0.040398956,-14.99464504,-1.172369292,,,,,,,,,,,,,,,,,,,,,,,,,,,,,,,,,,,,,,,,,,,,,,,,,
11.11,-0.022005894,-8.705502269,-0.700946675,-3.397423827,-5.224441046,-11.01184685,-0.324460029,-7.566151414,-0.159004579,-1.923660865,-0.611949808,-6.626168234,-3.548336695,-9.781883964,-0.495799864,-3.713964418,-0.574822008,-11.69630434,-10.16210624,-0.139189413,-10.71295826,-6.46251253,-1.755294288,-0.120027598,-16.40240503,-1.097612119,,,,,,,,,,,,,,,,,,,,,,,,,,,,,,,,,,,,,,,,,,,,,,,,,
11.12,-0.050819613,-9.681419635,-1.131060988,-4.490958639,-6.109909598,-12.22961332,-0.750588077,-8.875805678,-0.053339777,-2.684059064,-1.60456373,-8.064849674,-5.083765544,-11.07997585,-0.202129878,-5.376332577,-0.139623269,-13.11462118,-11.77535849,-0.901426728,-12.32134868,-8.453652712,-0.958127125,-0.940705794,-17.73759949,-1.027761474,,,,,,,,,,,,,,,,,,,,,,,,,,,,,,,,,,,,,,,,,,,,,,,,,
11.13,-0.1189248,-10.69827027,-1.745152132,-5.696728684,-7.085244654,-13.4367227,-1.453785585,-10.18658574,-2.23E-05,-3.62950197,-3.018926181,-9.522544803,-6.711535709,-12.36394298,-0.010745322,-7.107526908,-0.018078215,-14.4878407,-13.31251097,-2.319504935,-13.84584407,-10.34122263,-0.219483104,-2.498407433,-19.00656752,-0.970519756,,,,,,,,,,,,,,,,,,,,,,,,,,,,,,,,,,,,,,,,,,,,,,,,,
11.14,-0.262649509,-11.74254153,-2.557227547,-6.973814095,-8.131833337,-14.62541154,-2.455447268,-11.48180061,-0.097734048,-4.734549701,-4.686920461,-10.97050387,-8.355580289,-13.62344058,-0.115211415,-8.827445639,-0.536625261,-15.81265775,-14.7737866,-4.150143233,-15.28946692,-12.10931263,-0.050510955,-4.475416086,-20.21517775,-0.933505224,,,,,,,,,,,,,,,,,,,,,,,,,,,,,,,,,,,,,,,,,,,,,,,,,
11.15,-0.534543063,-12.80226197,-3.554626045,-8.286614184,-9.229987758,-15.79041358,-3.716173418,-12.75068533,-0.47194117,-5.959170518,-6.449568762,-12.39043242,-9.970287266,-14.85202446,-0.717143305,-10.49397298,-1.806670606,-17.08835655,-16.16270506,-6.124237395,-16.65752906,-13.76106429,-1.016943269,-6.561823029,-21.3687167,-0.924581896,,,,,,,,,,,,,,,,,,,,,,,,,,,,,,,,,,,,,,,,,,,,,,,,,
11.16,-0.995863853,-13.867351,-4.70208309,-9.607764542,-10.36114914,-16.9283511,-5.156885336,-13.98678553,-1.222238798,-7.259968816,-8.205118454,-13.77166781,-11.53205104,-16.04602357,-1.875175941,-12.08880757,-3.595470301,-18.31573983,-17.48407746,-8.079005829,-17.95599973,-15.30610952,-2.99269655,-8.592701942,-22.4718864,-0.952565783,,,,,,,,,,,,,,,,,,,,,,,,,,,,,,,,,,,,,,,,,,,,,,,,,
11.17,-1.697238276,-14.92966249,-5.953688263,-10.91801662,-11.50922669,-18.03723252,-6.693910265,-15.1866184,-2.356834716,-8.598611199,-9.902163243,-15.10867878,-13.03068329,-17.20366766,-3.448873205,-13.60656094,-5.581324757,-19.4964564,-18.74302106,-9.944034416,-19.1907572,-16.7554568,-5.357761017,-10.50715351,-23.52884737,-1.028239878,,,,,,,,,,,,,,,,,,,,,,,,,,,,,,,,,,,,,,,,,,,,,,,,,
11.18,-2.654893846,-15.98283989,-7.264852233,-12.2047583,-12.6611263,-19.1160613,-8.261261304,-16.34867554,-3.785532108,-9.945496011,-11.51986584,-16.39920913,-14.46344539,-18.324453,-5.22504844,-15.04823708,-7.559949462,-20.63258797,-19.94449851,-11.69796518,-20.36727376,-18.11957698,-7.701469096,-12.29271003,-24.54327701,-1.165405275,,,,,,,,,,,,,,,,,,,,,,,,,,,,,,,,,,,,,,,,,,,,,,,,,
11.19,-3.840448241,-17.0220795,-8.5992277,-13.46028067,-13.80671368,-20.16454191,-9.815461092,-17.47272239,-5.380030587,-11.27985879,-13.05310793,-17.6430126,-15.83146151,-19.40869746,-7.042118163,-16.41772021,-9.44379186,-21.72639949,-21.09312171,-13.34064324,-21.49050898,-19.40779745,-9.88329884,-13.95534618,-25.51842968,-1.381432391,,,,,,,,,,,,,,,,,,,,,,,,,,,,,,,,,,,,,,,,,,,,,,,,,
11.2,-5.193709775,-18.04386737,-9.930492345,-14.68028184,-14.9384711,-21.18286367,-11.33132996,-18.5593221,-7.032268581,-12.58821633,-14.5040534,-18.84102966,-17.13770545,-20.45723535,-8.813023916,-17.71998176,-11.20726005,-22.78019126,-22.19308657,-14.87978192,-22.56489989,-20.62821056,-11.88146383,-15.50669256,-26.45719259,-1.696559046,,,,,,,,,,,,,,,,,,,,,,,,,,,,,,,,,,,,,,,,,,,,,,,,,
11.21,-6.646726555,-19.04572814,-11.24119072,-15.86273364,-16.05104042,-22.17154405,-12.79600875,-19.60951889,-8.673020654,-13.86246023,-15.8778606,-19.99486616,-18.38591373,-21.47121124,-10.50100296,-18.96020144,-12.85059006,-23.79621384,-23.24817066,-16.32526568,-23.59439353,-21.78776891,-13.71064457,-16.95911452,-27.36213545,-2.131265946,,,,,,,,,,,,,,,,,,,,,,,,,,,,,,,,,,,,,,,,,,,,,,,,,
11.22,-8.141759376,-20.02600361,-12.52061418,-17.00707952,-17.14076664,-23.13131625,-14.20414275,-20.62463005,-10.26527169,-15.09819568,-17.18062561,-21.10646902,-19.58001686,-22.45194216,-12.09540861,-20.14335874,-14.38307574,-24.77662125,-24.26175899,-17.68689053,-24.58249515,-22.89243478,-15.39303524,-18.32400377,-28.23555353,-2.701773594,,,,,,,,,,,,,,,,,,,,,,,,,,,,,,,,,,,,,,,,,,,,,,,,,
11.23,-9.637574725,-20.98366724,-13.76276755,-18.11368865,-18.20529583,-24.06304913,-15.5546663,-21.60611125,-11.79239768,-16.29348355,-18.41844364,-22.17792768,-20.72385344,-23.40082658,-13.59742259,-21.27406217,-15.81622608,-25.72344763,-25.23688071,-18.97356586,-25.53231969,-23.94733207,-16.94971542,-19.6113214,-29.07950454,-3.415015922,,,,,,,,,,,,,,,,,,,,,,,,,,,,,,,,,,,,,,,,,,,,,,,,,
11.24,-11.10806859,-21.91817345,-14.96477664,-19.18349282,-19.24324511,-24.96769051,-16.84883463,-22.55547009,-13.24908667,-17.44795459,-19.59701313,-23.21135468,-21.82103671,-24.31928497,-15.01294761,-22.35649605,-17.16120111,-26.63859804,-26.17624817,-20.19311628,-26.44664063,-24.9568823,-18.39862533,-20.82960407,-29.89584006,-4.26546053,,,,,,,,,,,,,,,,,,,,,,,,,,,,,,,,,,,,,,,,,,,,,,,,,
11.25,-12.53831445,-22.829338,-16.12575601,-20.21774858,-20.253943,-25.84622737,-18.08907278,-23.47421168,-14.6357983,-18.56221074,-20.72149797,-24.20881584,-22.87490181,-25.20872179,-16.34933765,-23.39442379,-18.42798166,-27.52384751,-27.08229424,-21.35231717,-27.32793413,-25.9249203,-19.7545264,-21.98612213,-30.6862322,-5.235606988,,,,,,,,,,,,,,,,,,,,,,,,,,,,,,,,,,,,,,,,,,,,,,,,,
11.26,-13.92076798,-23.71724441,-17.2460453,-21.21788314,-21.23723057,-26.69965814,-19.27832113,-24.36380528,-15.9557002,-19.63743047,-21.7965085,-25.17229125,-23.88849514,-26.07050171,-17.61397836,-24.39121612,-19.625214,-28.38084493,-27.95720641,-22.45700969,-28.17841778,-26.85479023,-21.02947058,-23.08706943,-31.45219629,-6.299927162,,,,,,,,,,,,,,,,,,,,,,,,,,,,,,,,,,,,,,,,,,,,,,,,,
11.27,-15.25244536,-24.58217154,-18.32670954,-22.18539576,-22.19331199,-27.52897367,-20.41967237,-25.22566449,-17.21305829,-20.67511285,-22.82613395,-26.1036553,-24.86458455,-26.90593557,-18.81372303,-25.34988869,-20.76029913,-29.21111952,-28.80295695,-23.51223243,-29.00008417,-27.74942454,-22.23332386,-24.13774159,-32.19511017,-7.430170548,,,,,,,,,,,,,,,,,,,,,,,,,,,,,,,,,,,,,,,,,,,,,,,,,
11.28,-16.53304855,-25.42453801,-19.36921876,-23.12179562,-23.12264348,-28.33514434,-21.51617635,-26.06113659,-18.41242179,-21.67691394,-23.81399422,-27.00466847,-25.80567918,-27.71627266,-19.95471356,-26.27314145,-21.83955478,-30.01608856,-29.62132934,-24.52234516,-29.79472971,-28.61140856,-23.37421969,-25.14268944,-32.91623068,-8.599817668,,,,,,,,,,,,,,,,,,,,,,,,,,,,,,,,,,,,,,,,,,,,,,,,,
11.29,-17.76378951,-26.24485983,-20.37524544,-24.02856333,-24.02585155,-29.11911163,-22.57074077,-26.87149751,-19.55822867,-22.64454356,-24.7632956,-27.87697611,-26.71405278,-28.50269725,-21.04236853,-27.16339588,-22.86838379,-30.79706554,-30.41394115,-25.49113686,-30.5639793,-29.44303351,-24.45892207,-26.10584652,-33.61670774,-9.786632634,,,,,,,,,,,,,,,,,,,,,,,,,,,,,,,,,,,,,,,,,,,,,,,,,
11.3,-18.94667635,-27.0437183,-21.34653842,-24.9071282,-24.90367326,-29.8817829,-23.58608578,-27.65795059,-20.65462975,-23.57970154,-25.67688388,-28.7221114,-27.59176731,-29.26632791,-22.0814383,-28.02282895,-23.85142562,-31.55526829,-31.1822639,-26.42191688,-31.30930747,-30.24634003,-25.493108,-27.03063322,-34.29759648,-10.97344831,,,,,,,,,,,,,,,,,,,,,,,,,,,,,,,,,,,,,,,,,,,,,,,,,
11.31,-20.08408933,-27.82173575,-22.28484591,-25.75885544,-25.75691282,-30.62402831,-24.56472883,-28.42162763,-21.70542454,-24.48403939,-26.5572922,-29.54150059,-28.44069551,-30.00821861,-23.07608182,-28.85340314,-24.79268492,-32.29182675,-31.92764007,-27.31759069,-32.03205648,-31.02315405,-26.48158557,-27.92004146,-34.95986765,-12.14783611,,,,,,,,,,,,,,,,,,,,,,,,,,,,,,,,,,,,,,,,,,,,,,,,,
11.32,-21.17853385,-28.57955744,-23.1918698,-26.58504001,-26.58641025,-31.34667939,-25.50898572,-29.16359137,-22.71405252,-25.35913847,-27.40678288,-30.33646944,-29.26254144,-30.72936092,-24.02994517,-29.6568927,-25.695638,-33.00779036,-32.65129789,-28.18072236,-32.73345184,-31.77511662,-27.42846229,-28.77670334,-35.60441666,-13.30128623,,,,,,,,,,,,,,,,,,,,,,,,,,,,,,,,,,,,,,,,,,,,,,,,,
11.33,-22.23250023,-29.31783801,-24.06923991,-27.38690449,-27.39301903,-32.05052868,-26.42098009,-29.88483872,-23.68361085,-26.20649865,-28.22738349,-31.10825013,-30.05885909,-31.43068683,-24.94623398,-30.43490642,-26.56331989,-33.70413482,-33.35436414,-29.01358608,-33.41461562,-32.50370868,-28.33727579,-29.60294712,-36.23207145,-14.42829861,,,,,,,,,,,,,,,,,,,,,,,,,,,,,,,,,,,,,,,,,,,,,,,,,
11.34,-23.2483872,-30.03723157,-24.91850075,-28.16559974,-28.17759016,-32.73633015,-27.30265687,-30.58630447,-24.61688292,-27.02753377,-29.02091768,-31.85798818,-30.83106876,-32.11307192,-25.8277769,-31.18890734,-27.39839536,-34.38176835,-34.03787515,-29.81820868,-34.07657805,-33.21027186,-29.211096,-30.4008429,-36.84359926,-15.52557595,,,,,,,,,,,,,,,,,,,,,,,,,,,,,,,,,,,,,,,,,,,,,,,,,
11.35,-24.22846333,-30.7383844,-25.74110616,-28.92220703,-28.94096119,-33.40480014,-28.15579712,-31.26886513,-25.51637032,-27.82357114,-29.78903152,-32.58674918,-31.58047164,-32.77733876,-26.67707999,-31.92022976,-28.2032168,-35.04153743,-34.70278642,-30.59640477,-34.72028738,-33.89602597,-30.05260563,-31.17224019,-37.43971267,-16.59137977,,,,,,,,,,,,,,,,,,,,,,,,,,,,,,,,,,,,,,,,,,,,,,,,,
11.36,-25.1748506,-31.4219298,-26.53841881,-29.65774115,-29.68394863,-34.05661864,-28.98203293,-31.93334277,-26.3843242,-28.59585371,-30.53321584,-33.29552519,-32.30826253,-33.42426016,-27.49637281,-32.63009397,-28.97987166,-35.68423196,-35.34998101,-31.34980602,-35.34661863,-34.56208381,-30.86416422,-31.9187989,-38.02107482,-17.62504613,,,,,,,,,,,,,,,,,,,,,,,,,,,,,,,,,,,,,,,,,,,,,,,,,
11.37,-26.08952096,-32.08848445,-27.31171248,-30.37315402,-30.40734303,-34.69243075,-29.78286154,-32.58050872,-27.22277438,-29.34554368,-31.25482541,-33.98524071,-33.01554107,-34.0545625,-28.28764716,-33.31961896,-29.7302213,-36.31059005,-35.98027683,-32.07988554,-35.95638104,-35.20946379,-31.64785948,-32.64201509,-38.588304,-18.62663446,,,,,,,,,,,,,,,,,,,,,,,,,,,,,,,,,,,,,,,,,,,,,,,,,
11.38,-26.97429996,-32.73864595,-28.06217616,-31.06933849,-31.11190588,-35.31284828,-30.55965856,-33.21108717,-28.03355551,-30.0737269,-31.95509521,-34.65675814,-33.70332156,-34.66892881,-29.0526897,-33.98983345,-30.45593315,-36.92130224,-36.59443306,-32.78797837,-36.55032472,-35.83910067,-32.40554874,-33.34324249,-39.14197779,-19.59667867,,,,,,,,,,,,,,,,,,,,,,,,,,,,,,,,,,,,,,,,,,,,,,,,,
11.39,-27.83087427,-33.37299129,-28.79091882,-31.74713218,-31.79836786,-35.91845142,-31.31368987,-33.82575851,-28.81833019,-30.78141767,-32.63515442,-35.31088291,-34.37254161,-35.26800178,-29.79310932,-34.6416855,-31.15850733,-37.5170154,-37.19315577,-33.47529877,-37.12914637,-36.45185486,-33.13889279,-34.0237106,-39.68263663,-20.5360133,,,,,,,,,,,,,,,,,,,,,,,,,,,,,,,,,,,,,,,,,,,,,,,,,
11.4,-28.66080106,-33.99207597,-29.4989747,-32.4073212,-32.46742813,-36.5097904,-32.04612247,-34.42516248,-29.57860926,-31.46956354,-33.29603845,-35.94836807,-35.02406974,-35.85238652,-30.51036032,-35.27605086,-31.83929895,-38.09833627,-37.7771029,-34.14295482,-37.69349442,-37.04852036,-33.8493837,-34.68453992,-40.21078705,-21.44565368,,,,,,,,,,,,,,,,,,,,,,,,,,,,,,,,,,,,,,,,,,,,,,,,,
11.41,-29.46551789,-34.5964336,-30.18730856,-33.05064376,-33.11975426,-37.08738712,-32.75803409,-35.00990109,-30.3157694,-32.13905014,-33.93869931,-36.56991856,-35.65871206,-36.42265319,-31.20576193,-35.89374026,-32.49953669,-38.66583462,-38.34688863,-34.79196091,-38.24397343,-37.62983172,-34.53836772,-35.32675492,-40.72690453,-22.32671386,,,,,,,,,,,,,,,,,,,,,,,,,,,,,,,,,,,,,,,,,,,,,,,,,
11.42,-30.24635267,-35.18657593,-30.85682082,-33.67779355,-33.75598269,-37.65173673,-33.45042189,-35.58054134,-31.03106844,-32.79070569,-34.56401456,-37.17619503,-36.27721819,-36.97933945,-31.88051488,-36.49550586,-33.14033861,-39.22004615,-38.9030873,-35.42324837,-38.78114815,-38.19647003,-35.20706447,-35.95129512,-41.23143608,-23.18035126,,,,,,,,,,,,,,,,,,,,,,,,,,,,,,,,,,,,,,,,,,,,,,,,,
11.43,-31.00453309,-35.7629931,-31.50835246,-34.28942294,-34.37671949,-38.20330921,-34.12421012,-36.13761773,-31.72565868,-33.42530529,-35.17279512,-37.76781738,-36.8802865,-37.52295269,-32.53571554,-37.08204686,-33.76272542,-39.76147513,-39.44623686,-36.03767467,-39.30554693,-38.74906819,-35.85658298,-36.55902457,-41.72480253,-24.00772961,,,,,,,,,,,,,,,,,,,,,,,,,,,,,,,,,,,,,,,,,,,,,,,,,
11.44,-31.74119549,-36.32615407,-32.14268964,-34.88614592,-34.98254137,-38.74255076,-34.78025696,-36.68163459,-32.40059847,-34.04357501,-35.76579201,-38.34536793,-37.46856874,-38.05397214,-33.17236801,-37.65401444,-34.3676319,-40.29059674,-39.97684195,-36.6360313,-39.81766496,-39.28821556,-36.48793523,-37.15074001,-42.20740058,-24.80999478,,,,,,,,,,,,,,,,,,,,,,,,,,,,,,,,,,,,,,,,,,,,,,,,,
11.45,-32.45739302,-36.87650727,-32.76056795,-35.46854086,-35.57399685,-39.26988524,-35.41936064,-37.21306816,-33.05686221,-34.64619554,-36.34370234,-38.9093943,-38.04267417,-38.57285078,-33.79139453,-38.21201621,-34.9559166,-40.80785929,-40.49537668,-37.21905065,-40.317967,-39.81446194,-37.10204761,-37.72717797,-42.67960466,-25.5882593,,,,,,,,,,,,,,,,,,,,,,,,,,,,,,,,,,,,,,,,,,,,,,,,,
11.46,-33.1541031,-37.41448125,-33.36267639,-36.03715308,-36.15160746,-39.7857155,-36.04226487,-37.73236859,-33.69534919,-35.23380572,-36.90717448,-39.4604121,-38.60317322,-39.08001717,-34.39364434,-38.75662006,-35.52837021,-41.31368614,-41.0022871,-37.78741194,-40.8068899,-40.32832126,-37.69977075,-38.28902091,-43.14176865,-26.34359302,,,,,,,,,,,,,,,,,,,,,,,,,,,,,,,,,,,,,,,,,,,,,,,,,
11.47,-33.83223412,-37.94048544,-33.94966099,-36.59249713,-36.71586903,-40.29042456,-36.64966369,-38.23996175,-34.31689118,-35.80700563,-37.45681264,-39.9989073,-39.15060082,-39.57587707,-34.97990152,-39.28835763,-36.08572283,-41.80847756,-41.49799341,-38.34174652,-41.28484484,-40.83027468,-38.28188791,-38.83690258,-43.59422733,-27.07701784,,,,,,,,,,,,,,,,,,,,,,,,,,,,,,,,,,,,,,,,,,,,,,,,,
11.48,-34.49263159,-38.45491093,-34.52212813,-37.13505903,-37.267253,-40.78437683,-37.24220581,-38.73625087,-34.92225921,-36.36635957,-37.99318095,-40.52533844,-39.68545928,-40.06081498,-35.55089168,-39.80772744,-36.62865018,-42.2926123,-41.98289199,-38.88264237,-41.75221937,-41.32077343,-38.84912223,-39.37141274,-44.03729783,-27.78950535,,,,,,,,,,,,,,,,,,,,,,,,,,,,,,,,,,,,,,,,,,,,,,,,,
11.49,-35.13608365,-38.95813128,-35.08064761,-37.6652982,-37.8062076,-41.2679192,-37.82049848,-39.22161806,-35.51216946,-36.91239869,-38.516807,-41.04013859,-40.208221,-40.53519551,-36.1072878,-40.31519759,-37.15777911,-42.76644915,-42.45735718,-39.41064815,-42.20937919,-41.80024136,-39.40214297,-39.89310127,-44.47128085,-28.48197621,,,,,,,,,,,,,,,,,,,,,,,,,,,,,,,,,,,,,,,,,,,,,,,,,
11.5,-35.76332598,-39.45050329,-35.62575543,-38.18364933,-38.33315917,-41.74138203,-38.38511097,-39.69642577,-36.08728843,-37.44562348,-39.02818504,-41.54371725,-40.71933077,-40.99936475,-36.64971544,-40.8112083,-37.67369239,-43.23032829,-42.92174296,-39.92627681,-42.65666986,-42.26907717,-39.94157103,-40.40248185,-44.89646177,-29.15530094,,,,,,,,,,,,,,,,,,,,,,,,,,,,,,,,,,,,,,,,,,,,,,,,,
